frame,track_id,x1,y1,x2,y2
0,1,193.782656,64.5311488,206.471808,77.38296319999999
1,1,192.9172864,68.39063039999999,208.9023616,79.7801216
1,2,166.6815104,79.9365504,175.8347136,88.1018496
2,1,194.358464,65.43326719999999,217.192256,80.0085248
3,1,191.1124864,60.21632,211.0614656,76.46822399999999
4,1,188.0137856,61.2860288,203.9211904,84.8413312
5,1,185.3058688,63.330944,204.2616192,89.012096
5,3,205.4040192,57.9979264,214.2030208,67.30895360000001
6,4,103.5037312,216.1587072,116.1017728,223.4834048
6,5,211.6802944,146.9450496,222.7476096,153.9553024
6,6,142.078784,209.3256704,149.013184,213.9836416
8,7,50.9537792,208.7424512,57.2753408,214.0267008
9,8,7.9118464,91.7525888,20.5927296,98.6637952
10,8,1.2800000000368073e-05,92.127616,15.1234944,100.822656
11,8,0.0,90.212736,15.6571136,94.686848
12,9,49.97344,179.64668160000002,56.566592,184.3192704
12,10,129.9231232,211.4480768,136.3240448,217.4701952
12,11,35.600896,199.7346304,40.118784,205.8420736
13,9,35.104857599999995,194.4746368,41.6526464,201.8215552
13,10,144.80661759999998,210.9511552,149.6747904,214.7835008
13,12,227.1226112,152.0966016,237.3776128,159.0852224
13,13,221.2448256,174.0860416,230.4251904,180.6454784
13,14,186.7164672,155.33943040000003,191.4247168,160.3935616
13,15,101.2631424,218.5074688,108.9190016,222.3419392
15,16,7.8265088,87.7956864,22.6342144,94.5879296
16,17,174.7938176,201.6237696,181.8003584,204.8591744
17,18,214.2655104,147.3020288,226.1476736,154.9325952
18,19,28.513433600000003,193.2038912,37.976934400000005,198.9937408
19,20,4.1497856,114.3245312,13.9987712,121.5513088
20,21,216.5032704,146.4969728,226.4233216,153.3737472
20,22,126.8761088,209.1317632,134.6913792,215.3827968
20,23,138.491264,211.0411264,144.598144,215.6269056
21,24,41.5196288,203.1270784,50.5809792,208.6135936
22,25,167.25774080000002,102.1772928,175.5943552,108.5398912
23,26,105.8664704,218.5365632,112.4815616,222.8611968
24,27,104.9647616,177.2938496,110.7029504,182.3794944
26,28,101.7265024,218.0116992,110.3362176,222.7834368
27,29,172.5143552,103.1319424,183.4531328,111.9152256
28,29,149.2983296,106.6187264,172.0159744,115.3911296
29,30,101.3750272,218.8885248,109.9022848,223.4620672
30,31,27.200256,191.1620864,35.400448,197.0096896
32,32,25.5731584,15.7159808,31.3305216,20.9512064
33,33,100.022528,218.7427712,111.72736,222.9842048
34,34,37.8105472,199.406656,46.5307008,210.933696
35,35,42.6691968,98.7203584,54.8545152,103.6599296
37,36,57.0724864,185.4957696,61.4601216,188.9989504
37,37,154.29210880000002,168.83658240000003,159.6340352,173.5572736
37,38,197.5648768,154.35904,207.9852032,160.058624
40,39,218.5646336,161.03019519999998,224.0056064,164.7769088
41,40,86.7415936,215.26848,92.6324864,221.097344
44,41,16.0919424,89.96197120000001,21.030208,93.3417088
46,42,30.7299968,150.90268160000002,40.4717952,156.9311744
46,43,142.021056,98.6741632,148.930112,103.9580288
47,43,131.724224,99.5350528,149.11443200000002,106.2536192
47,44,41.9246976,42.437824,50.9649024,47.736128
48,43,122.4037632,103.6682624,135.8526208,108.4011136
48,44,38.7154432,40.3973376,50.6643968,46.34519039999999
48,45,233.5811712,1.2799999999923983e-05,247.4960768,6.0641152
49,45,202.089536,3.0313728000000006,222.629312,9.6238336
49,46,102.7251072,209.2079744,111.0215808,213.7803136
49,47,32.3769088,152.32488959999998,41.4842112,158.2430464
49,48,78.7226368,112.0767872,87.0998272,117.1143808
50,46,83.07598080000001,193.6489088,88.5863552,200.1041792
51,49,60.569267200000006,98.5766272,82.5029888,106.6401408
51,50,182.6561792,0.8169088000000002,191.5108608,14.9983104
51,51,215.8305152,7.384512000000001,226.3306368,12.45984
52,52,88.997504,27.606784,101.232512,34.487552
53,53,135.9397632,106.3968128,155.7978368,113.4780032
53,54,154.8585472,92.423296,164.4814848,101.453184
54,53,132.8262656,106.7793152,147.38211840000002,112.2481408
54,55,218.1680128,1.2799999999479894e-05,241.9853312,10.8789632
55,55,232.1565056,0.7359744000000008,245.1693184,9.4282496
55,56,105.511936,34.4880896,114.967552,39.9111424
56,55,222.8700672,4.913075199999999,236.9079808,17.0631424
56,57,145.619328,14.0146432,172.2656,26.9317376
57,55,226.3991552,8.432512000000001,232.9703168,14.3031552
57,57,132.0276864,22.6572672,144.0422016,32.3643008
57,58,143.179776,147.5157376,151.38252799999998,153.4178944
57,59,73.2285696,193.2276096,78.2307584,198.6623104
58,55,232.2853632,1.0766976,240.1483008,9.249881599999998
59,60,19.2009472,61.753600000000006,28.028288,68.457728
60,61,68.5031424,41.8914048,77.73122559999999,47.8852352
61,61,89.0207744,40.9231232,97.5192576,46.5797248
61,62,18.695744,114.3182464,36.702656000000005,120.7209856
62,61,100.7317888,38.1942656,113.8668672,44.412838400000005
63,61,99.271296,33.115392,126.259072,41.73696
63,63,219.112576,9.2863616,231.951232,19.0005632
64,61,118.34252800000002,25.8188032,143.551104,35.9355648
64,63,225.7992448,-1.2799999999479894e-05,244.2833152,15.37952
64,64,0.1275392000000001,99.8127104,10.723584,113.1900416
65,61,133.1595264,25.939456,157.09532159999998,34.33472
65,63,235.2107776,0.7858175999999997,243.1538944,9.1682304
66,61,161.09696,26.0081152,187.75424,31.6231168
67,61,183.4234496,23.091264,205.5936384,30.390208
68,65,33.6328448,87.7483904,48.5953792,96.1640576
69,65,39.3976064,89.158208,53.5047936,96.895936
69,66,226.837184,3.0047872,240.73504,11.3454464
69,67,46.3601152,18.2462848,67.5721728,30.2791296
70,65,44.0430848,89.4188288,55.1789312,96.2011392
70,66,238.538304,-2.5599999999847967e-06,248.927168,4.932451840000001
70,67,53.0425088,18.124377600000003,62.6520832,25.7417344
71,65,49.2710784,89.883392,56.6591616,94.866176
72,68,198.5809024,169.521472,205.8996096,175.49792
72,69,141.838016,183.2043776,150.321472,190.9682944
73,70,146.4922496,145.9922048,152.9796224,153.85189119999998
73,71,29.2624896,150.4067712,38.3732224,157.6236928
75,72,31.448960000000003,151.8621824,41.636480000000006,158.01711360000002
76,72,29.9728,149.9938304,38.586048,158.20252159999998
76,73,72.0507136,193.6393728,77.5116544,198.5285632
78,74,117.759296,202.916608,124.928192,206.348544
79,75,157.62213119999998,113.099904,165.5241088,122.1856
80,75,159.7424768,110.9573504,172.49688319999998,124.1796736
80,76,160.75385599999998,100.0648192,175.296832,110.1040128
81,75,160.4472704,109.663744,172.45000960000002,122.181632
82,75,132.9044224,111.0381568,156.2931456,117.7766912
83,75,105.2277888,110.1071488,129.0255232,117.7174912
84,77,79.2968448,108.042688,91.7772032,116.66592
85,78,33.256576,98.5658496,59.225984,114.0815744
86,78,55.868032,110.092608,83.60640000000001,118.358208
86,79,16.335487999999998,59.6703616,26.2194432,66.5550464
87,80,91.4634368,110.264768,110.0013952,116.845632
89,81,127.11649280000002,107.44608,140.83000320000002,112.469184
89,82,12.923801599999996,59.6745856,25.3271552,66.9240704
90,83,187.2595968,160.8031104,193.0534912,164.8601216
91,84,13.7105152,59.749619200000005,24.6835968,67.44654080000001
91,85,53.6941824,183.451904,70.6388736,195.405568
91,86,216.38976,178.1513344,221.968256,182.3284096
92,84,13.325119999999998,59.7161216,24.5247872,66.5415424
92,85,66.5832576,195.5960192,81.8347904,211.0937728
93,85,62.3921408,204.7177728,68.7402752,214.3572992
94,85,68.986368,202.32352,76.46412799999999,207.787968
94,87,76.26214399999999,26.3243904,96.33664,38.1553536
95,85,71.2346368,201.6923648,78.8945152,208.6874112
96,85,75.419968,206.2416512,83.33587200000001,212.5902208
97,85,83.6077952,204.3392512,92.5985408,214.2489088
98,85,77.00371200000001,202.0309248,102.491712,218.2417152
99,85,76.3153664,203.94416640000003,98.7563776,221.0926336
100,85,79.928768,215.1550848,105.402944,222.8655232
101,85,74.7616,214.02816,95.070848,223.308928
102,85,77.0219264,217.6947968,96.2250496,225.1703552
103,85,80.1092608,217.7765888,101.0568192,224.4265472
104,85,80.4073856,217.8861312,89.6017024,224.1628928
105,88,250.4921856,170.0999296,255.7887744,176.4262784
105,89,17.5978368,197.9820416,28.7167104,206.7734144
105,90,19.7682816,198.2241152,29.7811328,208.6674048
106,91,172.4941184,201.6004864,181.2492416,210.3122176
110,92,15.7534592,102.3463936,34.4288384,108.5914624
114,93,142.7756416,99.9230208,155.6000384,115.1651072
115,94,206.1403776,145.5225728,213.6054144,151.4323072
115,95,93.8576512,176.7856896,100.4857728,181.3808384
116,96,178.6827008,70.100864,190.8072192,78.64895999999999
119,97,2.4381056,194.7554944,6.629567999999999,198.0247936
119,98,216.9624064,146.6108544,224.1814016,152.9751936
120,99,248.9114368,178.62626559999998,255.5155712,183.0198144
121,100,194.995584,75.15144959999999,208.21312,83.5240064
122,100,196.399936,72.9255552,210.142912,82.1377408
122,101,150.74493439999998,169.1795712,160.6749696,173.9070208
123,100,200.1259392,71.811136,214.0477568,82.810304
124,100,195.535936,75.9480832,213.75584,89.09818879999999
124,102,152.1257216,174.62641920000002,165.1796224,180.3810688
124,103,73.3719424,32.1623936,85.06850560000001,37.4921344
125,100,193.6786432,76.6336256,213.3634048,85.6299264
125,102,159.9866112,170.660416,175.3590528,176.461248
125,103,61.0456448,18.9476224,71.4870912,25.7219712
125,104,167.7629184,69.34543359999999,183.2478976,84.4573184
126,102,164.3439616,174.2651904,181.1208704,180.5528576
127,102,167.05985280000002,170.8287872,184.2724992,177.1299968
128,102,166.919872,170.2608,179.001664,174.50719999999998
129,105,217.2692864,146.5353216,228.4646016,153.0066944
130,106,22.9291648,87.8171264,41.6662912,94.6489216
131,106,0.0,87.7800064,19.0788096,95.6649856
131,107,222.10713600000005,154.78560000000002,238.63808,170.643136
132,106,0.6246144000000005,92.7334528,26.8021504,102.1747072
133,108,42.9624704,100.9811712,56.2774656,108.2568448
134,109,95.5954688,178.7295616,101.3263872,183.7101184
136,110,143.93040639999998,98.7686784,156.0580736,108.9911936
136,111,195.0898816,79.6341632,204.5568384,86.8339328
137,111,185.242816,80.3688064,202.02272,89.2905856
137,112,166.8654464,81.4905088,180.1149056,86.32721919999999
138,111,174.618816,78.7418368,191.361856,89.63704320000001
139,113,16.7208448,185.0569344,21.60768,189.3379456
140,114,138.9584512,170.81696000000002,144.9762688,176.14496
141,115,153.9641216,35.0158336,159.28208640000005,39.5134464
141,116,226.7726464,167.250752,234.2413696,176.360128
141,117,222.6531584,175.88451840000002,230.1069056,182.5369856
142,118,112.2820736,218.3292928,121.3942144,222.0598272
143,119,55.0501248,216.422208,64.7665792,221.861056
146,120,13.0803968,106.015552,37.0829568,115.592896
147,120,8.0233344,99.5940096,20.7217792,104.5470464
147,121,176.36171520000002,87.0794496,192.5168768,98.2415104
148,121,165.2685568,94.2112384,178.44011519999998,101.6651136
150,122,176.925184,77.1079296,189.598208,91.2064384
153,123,159.3534848,97.6674304,166.41777919999998,105.6231936
154,123,159.021312,84.7325184,180.14387200000002,96.9409536
155,123,176.78638080000002,74.7293696,192.7757312,80.4998144
157,124,201.2220288,185.6782848,212.7494272,194.3890432
157,125,203.6679168,185.775232,212.7068672,193.550208
158,126,188.8893696,88.4813568,197.0142464,97.3920512
159,127,78.5832192,218.8017408,86.49377279999999,223.2252672
160,128,15.653068800000002,61.94464000000001,25.413273600000004,69.49344
160,129,75.2355968,19.6006272,84.58673920000001,24.495936
160,130,0.0,89.79568640000001,12.8915968,99.7149696
161,130,7.825177599999999,96.9415552,20.3351296,104.5883008
161,131,190.9357824,159.687296,198.4734976,165.02208000000002
161,132,161.76771839999998,81.7869824,168.0698496,95.0526976
162,132,152.2493056,98.7174784,170.4504704,107.3527936
163,133,17.274444799999998,61.8323968,25.021056,68.2903552
163,134,62.57847039999999,33.229388799999995,72.61461759999999,41.9511552
164,133,15.734016,62.323008,26.2360064,68.25337599999999
164,134,64.62705919999999,34.0595328,75.4576768,41.5321472
164,135,78.3520512,21.7227392,91.1941888,28.2911616
165,136,117.733056,121.0448128,140.547392,130.5760512
166,136,140.1269888,112.1301376,158.9762432,125.1199104
166,137,16.2906112,62.0453248,25.5218176,68.25150719999999
167,138,63.89703680000001,187.1751808,71.3897472,190.7427712
169,139,15.511052799999998,62.11024640000001,24.3213184,68.4282496
169,140,191.7587072,73.2716288,197.6869248,78.15288319999999
169,141,41.0460928,31.5780096,55.4643712,39.2587264
170,141,28.4002944,27.034521600000005,50.6059136,38.7764224
171,142,13.8107136,61.691968,25.6478464,68.33503999999999
172,142,14.5116416,61.7354112,23.5281664,68.3294848
173,142,12.8277888,61.645888,24.2115712,68.221376
173,143,185.2153216,95.8972032,194.6559104,101.8796928
174,142,13.902912,62.26928639999999,24.0307072,68.27740159999999
175,142,13.6350976,62.4394496,25.0553088,68.2357504
177,144,216.9507456,161.891584,222.0467584,164.980992
177,145,14.0916864,62.235456000000006,23.9478656,68.27744000000001
177,146,169.8953472,72.1482752,178.23086080000002,81.31092480000001
178,145,13.099788800000002,63.1253888,24.4268928,68.62961920000001
178,146,150.3244032,79.23157760000001,169.77134080000002,92.2121344
179,145,12.9894016,62.3551872,23.51584,68.28622080000001
179,147,42.513216,186.7826944,47.324864000000005,191.4286336
179,148,183.1270272,161.837632,189.1988608,166.097856
180,149,89.08224,219.0546304,94.454912,224.1719936
181,150,12.7178624,62.1962624,23.9538304,68.6361216
181,151,78.00049920000001,113.625472,94.6341248,119.259776
181,152,128.6876032,106.089344,142.8961408,113.668224
182,150,13.3948288,62.223936,23.650470400000003,68.32736
182,151,64.2284672,115.3133824,87.9000448,122.2505216
183,151,61.09734400000001,111.412992,80.593024,124.296448
184,153,23.230464,112.617536,49.240576,122.809792
184,154,14.403443200000002,62.1921408,24.3144576,68.5091712
185,153,49.1634688,103.9832576,71.0618112,109.6871424
185,154,13.886784,62.10036480000001,24.26464,68.3244672
186,155,136.8549376,100.4116736,154.97072640000002,110.6685184
186,156,123.0493056,115.134016,145.6206464,123.05504
187,155,115.2201472,106.6674304,133.2124928,113.7874816
187,157,14.612735999999998,62.0598272,24.2643968,68.28718079999999
188,155,125.0197376,106.6098048,144.1156224,114.6381952
188,158,68.00449280000001,111.8496,86.6276992,118.79104
189,155,133.8944256,103.2621312,151.43242239999998,109.3289728
189,158,50.9611648,104.9746048,64.6643072,113.5848832
189,159,14.108992,61.6664832,24.8529792,68.2888448
190,158,50.774848,111.4583936,68.716224,120.3803264
190,159,15.0903424,62.018444800000005,24.0203648,68.2829952
190,160,214.7974528,161.58776319999998,222.3722112,166.1511168
191,159,14.4360832,61.7876352,24.1903232,68.21633279999999
192,159,14.5275648,62.209472,24.5894912,68.29984
193,159,14.3191424,62.4567552,23.5030144,68.2266368
194,159,16.0790016,61.966553600000005,23.4940928,68.38711040000001
195,159,15.0038656,61.88682240000001,23.7314432,68.29788160000001
196,159,14.368268800000005,61.78900480000001,25.0766208,68.21189120000001
197,159,15.094784,61.59774719999999,22.8255744,68.43796479999999
198,161,139.46519039999998,91.232768,148.9689856,98.262528
199,161,143.8355712,89.5377536,149.9623168,96.0074624
199,162,13.9909376,61.698227200000005,24.7003392,68.2453248
200,161,140.35201279999998,91.008832,148.5624192,97.034944
200,162,14.7957632,61.82554880000001,23.991104,68.2700672
201,161,137.4247424,90.8054144,149.5486976,99.3242496
201,162,15.678272,61.76416,24.8537984,68.350912
201,163,26.9467904,115.6351744,38.1560576,122.8708096
202,161,145.0796288,85.6869888,157.0935552,96.6387712
202,162,15.452006400000002,61.8048768,23.5204096,68.3122432
202,163,32.1128704,112.6217344,42.0493056,120.9731456
203,162,12.762048,62.2153472,24.5717632,68.7281408
203,164,179.9771136,71.70209279999999,193.3999104,90.3305472
204,162,14.9713536,62.4161664,23.4683776,68.3040896
204,164,183.6963456,70.2623104,195.7304704,92.3944576
204,165,-1.2799999999923983e-05,100.770688,6.9082752,112.867456
205,162,14.8500736,61.781760000000006,22.3671552,68.555008
205,164,185.4336512,72.1394304,193.9527168,90.1840256
205,165,13.8326784,99.63584,26.9626112,105.835904
206,162,15.411737600000002,62.3265152,25.6906496,68.2099328
207,162,15.527859200000002,62.16432640000001,23.9251712,68.2733056
207,166,3.0078080000000007,98.2594048,13.2399488,104.8228352
210,167,15.1087744,61.7137152,23.9680384,68.2917888
211,167,15.067878399999998,62.006860800000005,23.2477952,68.28945920000001
212,168,183.8195328,161.4825344,191.0033792,166.39202559999998
215,169,14.5591936,62.19368959999999,25.294630400000003,68.26800639999999
217,170,206.9581056,160.0432256,213.5889664,166.2328704
218,171,14.9219456,61.809472,23.250624,68.304576
219,172,14.2032128,96.3163776,28.5375232,101.8675584
220,173,230.9421824,0.0,241.1238656,5.6748544
221,173,229.9037824,2.5599999999847967e-06,242.4305536,4.36989696
221,174,15.318732799999998,61.79776,23.1531008,68.427392
222,174,13.7751296,61.6477696,23.5387136,68.3869184
223,174,15.199526399999998,61.72842240000001,23.0664832,68.41378560000001
223,175,171.813504,79.36427520000001,183.780736,89.4098688
223,176,60.7160576,117.9729664,76.9105664,124.3443456
224,175,180.8733952,78.1537024,188.5043968,87.37589759999999
226,177,29.3352704,99.6476416,42.0738816,109.4372864
227,178,15.154265600000002,61.410304,24.2281088,68.297728
227,179,169.24332800000002,82.1097344,191.278912,102.3377536
228,179,169.7232128,81.8652544,192.0703232,99.0663296
229,179,165.0780288,81.201792,184.2078592,102.680448
229,180,156.1103744,111.261824,166.6457216,118.781824
230,179,153.1632128,89.9523328,177.1320832,114.1994752
230,181,15.293555199999998,61.6744064,23.1627136,68.3761536
231,179,131.71695359999998,101.037696,148.7510144,108.496768
231,181,14.6945536,61.4444288,23.1163392,68.3511552
232,179,159.85587199999998,94.2083328,175.724288,108.6813952
233,179,170.00673279999998,84.39865599999999,188.0829952,103.184832
233,182,14.5879296,61.5503872,23.2696576,68.4018688
235,183,51.20704,95.5961984,61.446272,100.5038976
236,184,15.009344000000002,61.8918912,22.350528,68.5764608
238,185,39.8357888,104.6935808,49.4088832,110.6879232
239,186,161.53664,107.8378496,172.77376,117.1728384
239,187,14.9647744,61.5874816,23.0386816,68.4769024
240,186,136.7421312,111.8750976,154.3872128,121.8657024
241,186,120.83609599999998,105.2222848,154.88921599999998,118.1597312
241,188,15.565632,61.639872,24.1743744,68.388672
242,188,13.355212800000002,61.76129279999999,23.5819008,68.2764672
243,188,15.527103999999998,61.836838400000005,23.6002944,68.3140736
244,189,100.2064128,120.9940992,117.3787392,126.4437248
244,190,226.3113216,-5.1200000004136825e-06,235.5009024,4.97712128
244,191,168.6622592,68.6841088,182.0541568,77.3311232
245,192,14.861209600000002,62.4206464,23.5569664,68.30984959999999
247,193,36.6409728,110.6751744,48.08427519999999,116.4331776
247,194,14.3849088,104.3939968,26.9209984,111.8589312
247,195,15.6929664,61.489984,22.8265344,68.388032
248,193,10.9130112,103.0716416,20.3652736,108.3495424
248,195,15.5180672,61.8843776,23.9022976,68.3228544
249,195,12.3790848,61.72081920000001,22.9163008,68.4777088
250,195,14.8129536,61.5701632,24.4536064,68.3462528
250,196,62.22137599999999,104.7368832,78.65696,110.2642048
251,196,82.5065344,110.7476096,94.7043456,117.9161984
251,197,178.06851840000002,77.4062848,187.1584896,85.5479552
253,198,135.7487616,103.6318336,152.22205440000002,109.4830464
255,199,15.2257024,61.9044608,23.6118528,68.3232512
256,199,16.0509312,62.114944,23.6832896,68.32832
257,199,15.7949952,61.9876608,23.5089408,68.3311872
259,200,15.4136832,61.883532800000005,23.6698368,68.4138112
259,201,176.7436032,163.721408,185.8460928,169.475904
260,202,185.6557312,79.2500992,195.2410368,89.3218048
260,203,193.1698048,0.6749183999999997,202.7183232,5.6149504
261,203,200.92279040000005,2.8592896000000003,214.4750976,9.2479744
262,203,199.22272,9.9465856,209.567296,15.13184
262,204,16.4857344,62.07658240000001,22.5527808,68.3876736
263,204,15.317478400000002,61.8563968,23.5684608,68.36517119999999
264,204,16.0323968,61.7809024,24.3328128,68.4954496
264,205,69.6334208,25.3504,82.0127872,31.620352
264,206,134.07755519999998,103.7438848,142.5196928,109.7693312
265,206,132.2226048,106.3917056,142.70808319999998,112.2727424
265,207,44.0725632,106.3302784,61.4434688,113.1047296
266,208,16.1571072,61.848832,23.9487744,68.34048
267,209,140.7033344,86.2843776,158.7419136,101.6713344
267,210,63.6415104,26.1386752,79.9202176,36.4717568
267,211,123.442432,104.8361088,152.643328,111.8940032
268,209,148.6997888,105.0141184,160.5190272,110.7769856
268,212,15.4398464,61.5870976,24.1730816,68.3697664
268,213,168.1371264,90.8033664,176.5525376,97.3648256
269,209,155.4499456,107.2576128,165.7343104,114.8290432
269,212,15.3961856,61.8962432,23.220288,68.2961408
269,213,171.1659136,86.5604992,180.0655744,94.7412608
270,214,121.5068928,113.5238144,129.0879232,119.8580736
270,215,61.5469568,32.86752,75.28709119999999,44.232512
271,214,126.086656,109.7360896,134.691328,119.0567424
271,216,15.1375872,61.775872,23.6120576,68.33408
272,216,15.5423872,62.014144,23.6024192,68.240192
273,217,148.0984064,109.9286272,159.6883456,123.8372608
274,218,14.9745152,61.616576,23.9181824,68.30393600000001
275,219,136.8265472,93.9448704,151.4002688,103.0578816
275,220,93.322688,216.4628736,103.747648,221.6657664
276,221,15.257510399999996,61.517888000000006,23.961792,68.32172800000001
277,221,14.8754432,61.4544896,23.4623488,68.4609024
277,222,63.830272,115.26016,91.223808,121.00736
278,223,46.355238400000005,191.9326208,52.7054976,198.2810112
278,224,72.19037440000001,32.7199488,81.8955136,37.7839872
278,225,192.797632,160.6806528,199.411776,165.2160512
279,224,69.3326848,29.418956800000004,78.46481920000001,36.3331072
279,226,14.8346752,61.5313152,23.5160192,68.3277568
280,227,74.1154048,216.6884864,85.7668352,222.6269696
281,228,15.1496064,62.141990400000005,23.5544704,68.9827456
282,229,57.2320256,49.5816192,69.8100224,56.4899328
282,230,140.810368,117.6158464,151.00096,126.4125696
283,231,185.2024448,78.370624,190.6823552,84.885184
285,232,15.188940799999996,61.6090112,23.4010112,68.2690048
286,232,15.065856,61.5694848,23.5116032,68.3489792
286,233,73.86367999999999,21.8862336,87.220224,28.3431168
288,234,15.6418816,61.819558400000005,23.4320128,68.4235136
289,235,227.3136384,-1.2799999999923983e-05,241.3271296,7.007552
293,236,217.7822592,4.2403072,228.77953280000003,13.5003904
293,237,76.9139968,23.9769856,85.5758592,29.595110400000003
294,236,228.543872,1.2799999999923983e-05,238.849664,5.753024
294,237,77.3782912,19.7503872,87.7258368,25.6401536
294,238,166.2439296,101.5091968,177.7954944,108.2551552
294,239,49.820032,210.4438144,77.451904,219.5716736
295,239,57.111808,204.4231552,83.122432,216.6108288
296,240,16.8340224,62.0321024,23.8985472,68.4971776
296,241,184.2431872,160.2270464,190.1834368,166.4366336
299,242,199.7171584,10.1433984,211.1679616,18.3321472
299,243,36.6581504,204.950336,49.8580736,214.85024
300,242,204.1100672,0.0174208,215.1867008,7.3075072
300,243,34.274432,201.465088,62.643584,212.72704
301,244,88.2340736,185.13804800000003,96.3214464,189.56608
303,245,29.3162752,198.4033536,43.3052928,205.8759424
304,245,28.4798336,199.2610432,42.0568704,210.2421888
305,245,28.8256128,199.9376256,48.5452672,214.4316544
306,246,16.792614399999998,61.6615168,23.5849344,68.78942719999999
306,247,212.4273536,163.18236159999998,221.3108864,167.8671104
307,246,16.5252224,61.9666816,23.4058112,68.2897024
307,248,33.8879872,201.3133952,50.5858688,215.0675328
308,248,38.5099904,207.9259648,53.4119296,215.7612032
308,249,40.5650176,111.9342208,57.1261184,120.0504192
310,250,127.90960640000002,106.595904,141.07676160000003,112.060352
312,251,210.7584,173.7585536,218.343168,181.2827264
315,252,174.9253888,72.6241152,188.7359232,92.5363328
316,253,154.0438016,104.709888,175.8736384,115.783424
317,254,43.4077056,119.6476672,60.0808064,125.8107648
319,255,53.8268928,191.6227712,62.0699392,199.3967488
319,256,88.0521344,218.7887872,94.2152576,223.0298368
319,257,16.876735999999998,62.03296,23.4466432,68.446144
320,258,12.112870400000002,94.5230464,26.892416,105.7846656
321,259,142.36739839999998,109.4183936,151.3900416,119.9361024
321,260,156.535424,109.6574464,172.328832,120.6355456
322,259,159.2433408,103.4617856,168.38033919999998,111.7917184
323,259,132.5213952,114.1041408,145.01895679999998,121.2550912
324,259,119.6989184,123.498112,133.14562560000002,127.947136
326,261,70.4969856,113.0661504,93.2953984,126.1264256
326,262,17.5955072,62.059456,23.779212800000003,68.483648
327,261,48.35808,103.8027136,65.50048,115.3670784
327,263,118.4338816,113.999744,135.8176384,122.113152
328,261,34.0384384,95.851392,53.5596416,107.828864
330,264,28.1767552,97.0596864,37.0346368,104.2351616
331,265,17.180774399999997,62.10525439999999,24.3938816,68.5126016
332,265,16.6738432,62.1822976,24.1329664,68.2855424
334,266,150.7246336,101.2430592,158.78602239999998,108.4695808
335,266,160.7282816,94.7504768,168.94698240000002,105.0687872
337,267,168.1034496,10.5751808,181.7676544,15.9264512
338,268,17.6219136,62.3352832,23.8003712,68.2876928
339,268,17.5844224,62.103104,23.5332224,68.300224
339,269,169.7264128,7.8448768,176.8428032,14.2702464
341,270,18.130176,62.585984,23.9801344,68.27558400000001
342,270,16.6389888,63.071936,23.8423424,68.254528
343,271,170.3908608,0.0497791999999996,187.5995392,9.7181056
344,271,172.9108352,1.0342271999999997,185.6110208,7.498918399999999
345,271,171.6396032,0.3316096000000001,192.7180288,10.4294016
346,271,168.601216,1.0463104000000003,188.306304,14.1089408
346,272,100.3052672,27.846848,124.2476928,40.521536000000005
347,272,91.8974208,29.174656,106.6602752,38.627456
347,273,18.1442048,62.5069056,24.3782144,68.3592704
348,274,169.5735424,94.89568,183.7950336,106.103232
349,274,173.5675264,91.2896384,186.4990336,104.1934976
349,275,17.2092672,62.5395584,24.3127552,68.6220416
349,276,98.637824,28.101568,128.66867200000002,39.205952
350,274,163.90415359999997,102.8255232,177.3551104,114.7806208
350,275,18.4564608,63.1138816,24.1113216,68.2939904
350,276,97.5740416,31.1231232,108.2689024,36.7516928
351,274,159.97684479999998,104.362688,178.7249792,120.964928
352,274,171.2569728,103.740608,182.3548032,111.655744
352,277,17.8710528,62.9004416,24.7993856,68.7429504
353,274,166.2260736,99.635136,178.2782464,105.32
354,278,174.119808,167.5624832,183.596672,173.6645248
354,279,18.8641792,62.763136,23.9955968,69.0912
355,278,183.7640448,193.4173312,193.3014272,201.9803008
355,279,18.7502592,63.58191360000001,24.2976768,68.3927424
355,280,170.8351744,201.1420032,177.8158336,205.1919488
356,281,93.6686464,31.723110400000003,111.4001536,38.5325056
358,282,18.8702336,63.4368384,24.8238976,69.1470976
359,282,16.827008,63.6717568,25.366809600000003,68.4820992
359,283,157.147136,97.0651264,185.399808,104.4166016
360,282,17.7968768,63.6588032,25.1403136,68.7377408
360,283,172.5631104,90.593472,182.4459136,95.800128
360,284,174.9816832,0.3603456000000005,189.3349888,9.6549888
361,284,170.2593664,1.6334847999999995,187.1156096,12.9017856
361,285,100.7613312,32.7075968,114.2003328,37.0718592
362,284,165.010176,0.5115520000000009,190.8544,16.509376
362,285,86.4711552,26.2875392,101.0191488,34.6962688
362,286,17.9660928,63.810624,24.8929664,69.623232
363,284,166.91804159999998,3.732812800000001,188.1590784,14.8674304
364,284,152.4384,10.2905472,178.66995200000002,24.2094976
365,284,136.65067520000002,16.6218368,160.8581888,30.1766016
365,287,18.9771392,63.5096576,24.449932800000003,69.8228224
366,284,111.34272,28.4661888,141.58016,38.2438272
367,284,102.9910144,33.9250688,127.2789376,40.7342592
367,288,174.318272,91.788416,185.832256,98.588544
368,288,152.7712,95.579456,161.262464,103.724224
368,289,17.817984,62.862041600000005,25.5630592,69.8806144
369,289,19.26912,63.78432,25.3182464,69.348992
370,289,18.1834112,63.761536,25.3035136,68.973952
371,289,18.2748928,63.46355199999999,25.074355200000003,68.915584
372,289,18.3607808,63.4196608,25.2644352,70.1017472
373,289,18.2246528,63.05616640000001,25.0798976,68.8355456
374,289,17.800396799999998,63.2483072,25.3010944,68.9900288
374,290,35.2884736,10.8510336,39.4737664,14.3509376
375,291,136.6461952,113.9169024,149.4716928,131.9480576
377,292,18.5929856,63.5254656,25.2283264,69.8740864
378,292,18.73152,64.0231296,24.7578624,69.31754240000001
379,292,18.2071168,62.68701440000001,25.9253888,69.4745216
380,292,19.1442048,63.44620799999999,26.0488576,69.64460799999999
380,293,81.196224,22.6011904,100.314944,28.4017408
381,293,87.74534399999999,25.8233984,110.209216,30.8621696
382,293,102.8305536,29.858304000000004,122.8785024,36.263424
382,294,18.9586304,63.3338624,25.6490112,70.2238976
383,293,127.5392128,24.587200000000003,139.7498752,30.3504
383,294,17.491903999999998,63.2280448,25.6145024,69.9272832
383,295,147.42781440000002,96.3357568,158.7021056,101.3955712
384,294,19.519296,63.964147200000006,25.6217984,69.34682880000001
385,294,19.2484864,63.06099199999999,25.8796032,69.00377599999999
385,296,92.4094464,26.65056,103.9958016,31.753792
385,297,166.6477184,86.3952768,183.1711616,97.1178112
386,294,18.8647808,63.2839296,25.6153216,69.7065344
386,298,26.857792,89.7990656,34.968256,94.6233344
387,294,19.2236928,63.67760640000001,25.694016,70.65736960000001
388,294,18.6928384,62.6887168,26.5007872,69.9643392
388,299,83.9572224,22.4090112,94.9545216,28.5389824
389,294,19.4031872,63.1954816,25.2231424,68.9465984
389,300,29.475904000000003,153.93278719999998,37.683648000000005,158.5054848
390,294,19.2903936,62.5259776,26.0818688,70.1158144
390,301,39.9137152,101.31744,52.977932800000005,108.393664
391,294,19.3570304,64.0280448,25.6268288,69.7836672
391,302,206.041536,175.7610752,216.776768,186.7446528
392,294,19.1477632,62.94835199999999,26.1040256,69.58489599999999
393,294,19.5845632,63.977984,25.5794688,69.489664
394,294,19.318912,63.4695936,26.0470528,70.3651584
394,303,87.0361472,24.1278464,99.2652928,29.0551296
394,304,35.825984,123.148608,48.320704,128.195776
395,294,19.3356032,63.995238400000005,25.8919168,69.6142336
396,294,18.886681600000003,63.5414016,26.6708736,70.4612864
397,294,18.7271296,62.874188800000006,25.6156544,70.9636352
397,305,204.1459072,0.0,212.6287488,5.6733184
398,294,19.4498688,63.490048,25.8768768,70.157824
398,306,147.60864,209.306432,154.964928,214.856896
399,294,19.3327104,62.848230400000006,25.8300416,69.0117376
399,307,196.4068736,186.783808,205.2141184,191.477696
399,308,66.94254079999999,216.2779008,73.5384832,221.6566912
399,309,47.67584,193.5082624,54.832704,198.5250176
400,294,19.40256,63.1380992,26.3453568,69.4161408
400,310,167.86702079999998,94.6202752,182.9282432,110.4377728
402,311,17.853184,63.84860160000001,26.6735104,70.3885824
402,312,202.8692096,185.234816,210.2308224,190.772352
403,311,18.4447488,64.625088,25.641062400000003,70.27667199999999
404,311,19.54784,63.3601024,25.8661504,70.42037760000001
405,311,19.5286912,63.6167296,27.0340224,69.7177984
406,311,18.6263552,63.750592000000005,26.9533696,70.16812800000001
407,311,19.2810496,64.002432,26.6407936,70.176896
408,311,19.5785856,62.9563904,26.163545600000003,70.0084736
409,313,7.3505152,112.4565248,14.9147776,117.1355392
410,314,33.1114112,87.8174592,39.2009088,93.3445248
410,315,205.4639104,179.4633216,215.3668096,185.6725504
410,316,19.1823488,63.4325504,25.9060608,69.7258496
411,314,19.526784,62.7908352,26.782592,69.5995648
414,317,19.3159808,63.45836799999999,26.593728,70.26016
415,317,19.074496,62.4021376,27.2381568,68.9980544
416,317,18.471104,63.6157824,26.4837248,69.7699456
417,317,18.7800576,63.2229504,25.7447424,70.16738559999999
418,317,19.629376,62.1755264,26.2884736,71.0765696
419,317,18.9352704,64.4694784,26.8116736,69.87368959999999
419,318,72.0944,217.683328,80.526144,221.132416
419,319,73.2230528,194.3474432,78.2050432,198.7712768
420,318,66.8050944,192.5496704,71.6371456,197.1360896
420,320,65.7323136,33.5721984,73.35504639999999,38.9956096
421,320,68.4753664,34.1725952,79.7716736,40.2588928
422,320,65.319872,35.1777024,80.739904,40.9280256
424,321,19.1882624,64.00663039999999,25.4137984,70.4532736
424,322,207.1851904,170.0775168,213.2948096,176.6785792
425,323,225.6239872,0.0561151999999998,238.0913408,8.0280576
426,323,220.8287744,3.1265024,230.8417536,11.0386944
426,324,19.527488,63.14453760000001,25.9535232,69.2857984
426,325,191.6034688,187.169344,198.0438912,192.158656
427,324,19.554828800000003,62.6228608,25.7951616,70.9180032
429,326,19.4316288,62.26470400000001,26.0158464,70.822016
430,326,19.4603776,63.5952128,25.8541824,69.7925632
430,327,205.7739136,161.46204160000002,213.1567744,166.3802624
432,328,50.601984,201.8003072,59.668992,210.9003648
432,329,19.4575616,63.884531200000005,25.6080128,70.6224768
432,330,122.1837696,211.290816,130.8701824,219.404608
433,328,59.2688,194.7007744,63.185728,199.0774016
433,330,99.0775168,218.5513472,108.2051712,223.5458048
434,331,183.8483072,4.5662848,199.5634048,16.7534464
434,332,19.4883968,63.236992,26.898496,69.23276800000001
435,332,19.4899968,63.585856,27.232512,69.47168
437,333,19.3787264,64.2164736,26.0358272,69.96131840000001
442,334,128.5473536,98.6861952,144.0383744,118.7622528
442,335,129.7261184,98.989184,144.5922176,125.417856
443,334,135.4356608,121.1508224,147.65835520000002,130.8171776
445,336,19.5243776,62.44245759999999,25.7572608,70.40311039999999
446,337,141.01175039999998,93.4110336,149.1422336,101.9522944
447,338,19.4979456,63.3856128,26.109376,69.7256832
448,338,19.492736,63.405568,26.0528896,69.88902399999999
449,339,143.2257792,96.2161792,151.7046528,101.5136128
450,340,1.8976128,96.1778048,8.1603712,103.4300032
451,341,141.7879424,92.85792,161.2807296,103.520704
451,342,19.3506432,63.70662399999999,26.1413248,69.210112
452,342,19.5975936,64.2171392,25.7696512,69.3083648
452,343,162.0555264,178.62627840000002,169.86741759999998,183.6731136
452,344,53.1396352,199.835584,63.0695168,207.407168
453,342,19.5019264,63.697267200000006,25.2804096,69.58196480000001
454,342,19.3545088,63.9303424,25.6933504,69.58645759999999
454,345,199.7495808,183.8539648,206.6724352,190.1256832
455,342,19.3732096,63.442227200000005,25.1904,69.8943488
456,342,19.4511488,63.7209472,25.697216,68.6208128
456,346,192.6205184,187.1389056,201.0332416,191.8890624
457,342,19.4608256,63.90159359999999,24.9666944,70.15383039999999
457,346,206.2044544,182.0703104,213.0662016,189.4000256
457,347,63.7014656,210.5666048,70.5874304,218.8687872
457,348,53.6646784,198.2554496,60.954713600000005,207.9730304
459,349,19.5200256,63.7233408,25.5250176,69.46117120000001
460,349,19.5312512,64.459904,25.7926784,69.533568
461,350,195.0512384,186.2226816,199.6864256,191.0342784
462,351,19.612672,63.4231424,25.4431744,70.05986560000001
462,352,135.0590592,111.4114176,144.7991168,119.0991744
463,352,117.9343232,111.7006464,132.8765568,120.3546496
464,352,122.1355648,111.2328064,134.02520320000002,122.2975616
464,353,136.4575744,106.8724608,159.7856256,114.3842432
465,352,126.67765760000002,113.8219904,145.74423040000002,123.8284416
465,354,18.1899136,62.6051456,25.258816,70.5435264
465,355,163.7947392,88.196224,174.9628928,100.355456
466,352,131.439552,110.3885824,139.733568,123.0091776
468,356,157.9446656,87.9812736,171.53091840000002,103.8681984
469,356,168.3810176,80.26997759999999,177.9301504,88.2604544
469,357,233.419072,1.2799999999923983e-05,245.152448,6.5126784
469,358,34.7507072,114.1939584,45.2492928,120.6082176
470,356,150.90336,98.7492096,162.77599999999998,109.2318464
470,358,15.971584,112.4188544,37.357824,118.5556096
470,359,203.0395904,13.5559424,209.4168576,20.4006144
471,358,9.7901184,107.7286912,17.9574656,112.7139328
471,359,221.2003712,9.1556096,236.6464128,17.6649984
472,359,237.747648,1.9917952,249.1792,9.7376128
472,360,63.0683392,112.286592,75.4460928,118.386304
472,361,127.950528,112.7734016,146.582336,124.0219904
472,362,162.71712,13.191424,188.131904,27.5712
473,361,103.8129024,124.62106880000002,120.2664576,132.6072192
473,362,137.81063680000003,26.0887296,156.6820352,34.5653504
473,363,17.3589888,110.125184,42.4461952,117.706624
474,362,113.7976832,33.2851456,132.05294080000002,38.380006400000006
474,364,67.4445568,121.4651008,88.75281919999999,130.0011392
475,362,104.9615744,32.628569600000006,113.7110656,37.7284224
475,364,44.887552,113.053376,68.675584,124.291904
475,365,19.2803712,64.0048896,25.1667072,69.3895424
476,364,21.39648,109.945792,40.416768000000005,116.314688
479,366,19.1168384,63.731840000000005,24.7728256,68.783488
479,367,0.9066624,98.7459456,5.8105728,104.8252544
480,366,18.2553856,63.2088448,25.607552,69.6961152
482,368,206.96384,10.8959744,214.979456,20.0914432
483,369,159.078464,177.5096064,167.215552,183.3572096
483,370,77.3000704,193.3286016,85.2655616,197.6729984
483,371,18.9107712,62.7845376,25.139712000000003,70.7752704
484,371,19.1247232,63.5477376,24.4889728,68.5963904
485,371,19.3414272,64.2033408,24.1269632,69.4870272
485,372,203.0477824,170.89886719999998,207.7502976,174.4804608
486,371,19.1688192,63.8538368,24.7197696,69.2979072
486,373,145.829696,99.2591104,152.035008,107.0139136
487,374,168.9286272,18.4462976,184.6211968,29.5327616
487,375,223.154304,6.8782976,235.39648,17.6111744
487,376,89.2554496,211.93088,113.5201024,223.550208
488,376,99.298496,209.1796736,121.642304,222.4865024
488,377,135.33311999999998,32.026598400000005,162.526464,42.4366336
489,376,98.117184,206.8572928,120.167872,222.0845312
489,378,43.164032,109.3675904,77.813376,123.4608256
489,379,107.2564864,40.9511936,129.2393856,46.7078144
490,376,99.6994432,205.4140416,119.7806208,219.8731264
490,380,12.9018112,107.4517376,33.251456000000005,114.2990464
490,381,132.82722560000002,119.3344768,150.6129024,125.1583232
491,376,101.8619136,209.27328,118.1362944,222.05344
491,381,121.9153536,116.0434048,131.7002624,131.9632512
492,376,101.1286784,207.2430976,119.1838976,220.1069184
492,381,109.2471424,126.0122496,131.9852416,132.5672064
493,376,103.5601664,206.910528,119.3948416,219.961792
493,381,129.0461056,109.6806016,148.35139840000002,116.5824384
493,382,79.975808,123.0157312,92.128896,131.6540928
494,376,105.103552,206.9129728,118.327616,219.6879872
494,383,36.232448000000005,119.712576,69.532928,125.972672
494,384,34.78208,112.9539968,78.27110400000001,126.5212032
495,383,34.2101504,103.4934528,51.1499776,109.5579392
496,383,46.326592000000005,115.6210048,63.657152,122.3949952
497,385,18.4082048,63.5435136,24.7205248,68.6461824
497,386,71.1052672,193.6358912,80.25780479999999,199.5918848
498,387,135.6078208,99.880256,156.3279232,110.66592
500,388,216.7392768,8.578112,226.5856512,15.8840704
500,389,51.36,114.9427328,74.419456,126.1585792
501,389,60.57894400000001,118.6279552,86.871936,124.7573888
501,390,39.8980736,109.2632192,55.1782784,119.1517568
502,389,59.725056,116.9160448,101.547776,126.0965632
502,391,132.5857664,98.7970304,146.7245696,108.9357056
502,392,68.66444800000001,119.12512,103.80224,125.5136
503,389,55.9025536,113.8737664,69.6772224,118.7165696
503,391,153.70848,94.750464,165.451328,100.277504
503,393,102.2873856,117.1718144,127.6763904,126.1177856
504,393,123.779072,111.1049344,150.893056,126.0422016
504,394,6.591654400000001,103.0291328,24.8963968,108.8221312
505,393,128.1945216,120.2444416,143.21719040000002,127.1739264
505,395,43.0420864,96.5273344,52.5949056,104.3481856
506,393,113.54432,118.1737984,141.074816,126.6886656
507,396,155.2542848,94.4349568,164.6448512,100.3462272
508,396,156.45287679999998,102.93248,165.8040192,111.095808
509,396,137.33254399999998,110.734976,156.55136,118.868352
509,397,62.94464000000001,114.2904576,80.296576,121.2571904
510,396,122.2794752,113.8339328,145.14785279999998,120.9062912
511,398,33.645632,97.1393792,52.116416,105.9607808
512,399,79.0654976,210.9830912,85.4068224,216.0894208
512,400,19.0901248,64.698752,24.2246144,69.68128
512,401,189.8676992,169.732864,196.4137728,173.71315199999998
513,402,139.7888384,105.000192,153.2978816,113.848576
514,402,136.0941696,95.554496,161.3097344,108.565056
514,403,147.5756288,97.1072,160.8884992,107.217152
514,404,133.2628864,95.671424,146.8994176,108.912512
515,402,151.544768,94.3356288,165.38681599999998,113.6884352
516,402,143.1325184,104.4119168,155.0378496,110.8564352
516,405,121.9685888,31.7839744,143.3083392,43.2030336
517,406,151.64518400000003,19.0468352,172.787712,31.128704000000003
518,407,141.1748608,116.8950656,150.82181119999998,129.8459264
519,408,35.4782592,92.7097984,52.4925568,101.0509696
521,409,161.2187776,106.6474624,171.35133439999998,118.8189056
522,409,135.446784,102.8179968,161.15072,114.8941312
523,409,162.191232,90.66752,178.220672,98.137088
523,410,19.4198656,63.7253376,25.5982976,70.7729664
524,411,207.615168,182.0421376,213.846848,189.2699904
524,412,181.5752832,192.8405504,193.5901568,199.4041856
525,413,149.079296,122.5964928,162.33497599999998,133.3717632
526,414,61.685414400000006,202.1885056,69.4894976,210.6012544
529,415,34.3949696,102.0178048,55.3309824,108.2805632
530,415,14.618239999999997,103.003648,52.091264,111.080448
531,415,28.7572224,94.7001984,45.5104256,104.1887616
532,416,19.1961344,63.20364800000001,24.8359168,70.30700800000001
533,417,127.5851648,192.9433344,136.0753792,197.9773696
534,418,152.43823360000002,96.9424256,167.5325824,102.0914304
535,418,140.5131904,105.9071616,159.8347136,114.9916544
535,419,182.1100288,0.6370304000000004,189.8533632,13.071104
537,420,227.3712896,0.0883839999999995,248.3611904,14.4859008
537,421,52.3294208,99.5991936,67.9557632,106.0189824
538,422,194.5351424,18.190464,214.2671616,25.6672
539,422,164.76659199999995,18.6878848,192.125056,24.1041024
539,423,47.265305600000005,102.0184576,59.9224064,108.2665984
540,422,159.08698880000003,16.883712,182.2413952,25.2471808
540,423,56.215552,105.6488064,82.865152,114.2039936
541,422,142.401792,20.7759104,168.547072,36.3699456
541,424,136.5489024,110.902208,147.07605759999998,118.410816
542,422,149.0646272,19.7510912,163.8795008,39.5707648
542,424,130.589056,111.4966656,144.94220800000002,119.2120704
542,425,149.9984256,123.2994304,160.6253184,128.9296896
543,424,129.51031039999998,112.8782208,146.8560256,119.1376512
543,426,131.2508672,104.6630784,149.7454848,113.2446336
544,424,130.03805440000002,111.3182464,147.8473856,117.7787136
544,427,159.5526272,104.5164544,171.0764928,116.6521856
544,428,29.2047744,94.3270016,45.0603136,105.2654464
545,424,124.2986624,115.5090176,143.0462336,121.3785344
546,429,55.7736064,119.6397312,62.0657536,124.9165568
547,429,54.2168448,118.4012544,78.5867392,124.9666816
547,430,149.332032,103.4570112,161.343936,113.1901568
548,429,80.6904704,118.9151872,92.7643776,125.0661248
548,431,18.6886144,63.7317248,24.005376,68.7426432
548,432,89.468416,209.602368,95.112192,213.66752
548,433,71.9976192,211.0286464,78.4218368,215.3214336
549,429,51.5712896,113.659264,68.2121344,119.215744
549,431,19.0063232,63.5496832,24.6492544,68.75060479999999
549,434,108.123648,112.0109184,128.133632,120.7924096
550,429,37.4836096,114.5011584,54.3389824,121.1376256
550,434,124.6649216,108.682432,142.3446144,117.402944
551,429,38.3638272,115.6247552,48.7918848,121.7379328
551,434,134.31488,105.0612608,142.23168,111.7369472
552,434,155.734592,88.2493824,162.915264,97.6388736
552,435,19.0758656,64.04192,24.949376,69.629504
552,436,203.8499968,0.0,212.9021312,4.54912
553,434,155.6228352,97.9665664,171.2005888,104.3830016
553,436,199.5351424,5.3196928,207.8489216,14.7512192
554,437,18.9067392,64.1189504,24.2889088,69.40194559999999
555,437,18.9219328,63.28340479999999,23.8462976,70.79864319999999
557,438,18.1244672,63.6096768,24.2763008,68.5001472
559,439,19.3493248,63.81762559999999,24.9894656,70.04119039999999
560,439,18.3550592,64.0699264,24.7674752,68.86780159999999
560,440,32.5500416,217.7170816,37.1234304,221.2343424
560,441,187.3167872,170.4839808,193.7125888,174.6608512
560,442,155.14138880000002,201.0942592,163.9262592,210.1518208
564,443,19.0996864,63.22709760000001,23.507008000000003,68.9451904
565,443,15.541632,63.4395264,23.5873536,69.46082559999999
565,444,177.539456,15.8369024,186.908288,22.9995776
565,445,218.9785216,3.3318656,229.5078784,11.30688
566,445,228.6309632,2.5599999999847967e-06,240.5970688,4.570370560000001
566,446,38.2763008,115.5393152,56.4436992,120.3769728
567,447,18.3637248,63.2326528,24.963046400000003,68.9421952
568,447,18.4893952,63.66784,24.1879552,69.66412799999999
568,448,169.7436544,200.5215744,174.7427456,206.0581376
570,449,106.6955776,50.9555456,115.7530624,56.5101824
571,450,142.1364736,94.949184,156.1030144,102.8656
572,450,153.6559104,92.2221312,167.4372096,101.6907008
572,451,223.2520576,-2.5599999999847967e-06,232.9245824,4.51921664
573,450,166.8417536,86.1289984,176.82698240000002,92.3460096
576,452,220.3756288,4.4081536,232.8954112,12.5603456
577,452,242.7292032,2.5942655999999995,248.7037568,6.855667199999999
577,453,104.2719104,33.859737599999995,124.1179776,41.7887744
577,454,19.107136,63.04719360000001,24.3993472,69.43843840000001
578,453,109.49568,32.9171712,131.0752,42.8987648
579,453,111.4377344,32.4641024,136.5136256,41.5572736
580,453,111.495424,33.7399424,138.708736,42.5772416
581,453,111.562752,33.7568128,138.712064,40.1734272
581,455,183.3360384,10.007359999999998,192.9604096,18.4865664
582,453,113.541504,34.3911168,142.285952,42.3853312
582,455,159.51232,16.2662144,180.940544,31.9160576
582,456,96.1142656,26.5148288,116.6698624,33.9600512
582,457,145.00449279999998,100.840128,161.8673152,111.630656
583,453,116.047616,33.0494848,158.19955199999998,43.5252352
584,453,108.290304,34.767372800000004,145.09696,50.4534912
585,453,120.273664,35.0906496,147.650304,43.0282624
585,458,55.562304000000005,107.199488,68.26643200000001,112.76288
586,453,121.144768,36.0578048,146.376256,47.7448192
586,459,98.8208128,57.9235968,110.1059072,64.3716992
587,453,123.2672,35.18592,150.055296,45.824256
587,460,145.408256,109.2850432,156.20889599999998,120.4232448
588,453,122.84633599999998,33.351398399999994,151.939968,45.8329856
588,460,136.5441664,108.4555392,152.42965759999998,120.6695808
589,453,123.1744,32.542784,153.654272,45.920704
589,460,142.7083392,107.0000256,151.2861568,115.4286464
590,453,124.70528,33.4836992,155.623424,48.1444608
590,460,136.462528,108.1524352,152.79392,117.4066048
591,453,124.385152,33.7155712,156.382336,47.9074688
591,460,148.34709759999998,121.9454464,157.1254144,127.4543616
591,461,84.6111616,40.2692096,98.4610944,45.7565184
591,462,176.5264512,13.0465408,186.3494528,24.7327616
592,453,122.055296,27.474176,166.25190400000002,46.694144
592,462,164.868672,17.887744,174.67436800000002,35.599360000000004
592,463,147.73670399999995,15.9696,175.31072,39.028928
593,453,124.0316544,38.5016704,148.7527296,45.6429696
593,462,158.03456,24.5478784,179.39545600000002,38.7332736
593,464,127.8614144,107.114112,147.86389759999997,115.52192
594,453,124.1500672,36.8830592,148.2564608,44.2935168
594,462,160.48238080000002,21.2317696,181.2883712,36.2386944
594,465,60.2356224,104.2404608,70.26754559999999,116.2410752
595,453,126.097408,35.3865344,152.432128,43.028825600000005
595,462,163.5249664,18.842688,183.0493696,32.927167999999995
595,465,62.973888,112.9414272,85.864512,122.2191488
595,466,61.443328,118.9042688,87.31724799999999,125.7851392
596,453,141.324416,29.9604992,169.608576,40.936652800000005
596,462,157.853376,16.5546752,182.811456,29.6350976
596,465,74.295808,120.4749824,102.237696,126.5865216
596,467,149.782784,15.4935296,183.052544,30.8864
596,468,50.618176,113.9269632,60.764352,119.6653568
596,469,227.7035904,0.0908544000000004,240.9766016,10.096512
596,470,142.322176,21.0223232,176.708096,40.9465728
597,453,153.45995520000002,22.4269184,176.8338048,37.7192576
597,462,156.702336,14.7791232,185.232256,35.2579712
597,465,97.2861312,117.7315328,122.3982208,124.5852672
597,467,153.317376,16.246015999999997,181.864448,37.946112
597,471,165.2567936,14.875033600000002,185.3039744,26.5302528
598,453,156.471936,15.096256,182.45056,36.393536
598,465,105.4696704,114.7551872,130.0539136,122.7298688
599,453,156.7565056,17.2409344,179.8696704,35.0885376
599,465,94.470272,113.1600896,130.932096,125.8297344
599,472,156.25344,7.3622528,189.063936,36.3555328
599,473,139.77108479999998,101.1175296,150.1652992,112.2794624
599,474,167.57054720000002,6.712256,193.1022208,25.1697792
599,475,174.4701056,6.978073599999999,193.4674304,19.6602624
600,453,157.199104,11.2620288,185.891584,33.5232256
600,465,117.6587264,111.6333952,135.1581696,121.3230208
600,473,135.2275584,102.5679744,147.21212160000002,112.3276416
601,453,160.130624,12.063232,183.992256,31.585024000000004
601,465,137.8207104,97.9565184,157.3150336,110.4766336
601,476,160.884096,9.220723199999998,188.25792,32.7213952
602,453,165.35299840000002,13.6929536,186.2624896,27.930752
602,465,126.9982208,104.1232256,149.0353152,113.1306624
602,477,166.5023488,9.171404799999998,188.3986432,29.2265472
602,478,127.9635328,41.9663488,143.84139520000002,46.3423872
602,479,172.6640128,8.755264,189.1530752,24.212467200000003
603,453,170.1195904,10.3564416,188.7668096,25.2912
603,478,138.0804352,35.5981184,161.8937088,43.2601216
604,453,174.5488128,9.699481600000002,189.6296192,23.2420352
604,478,157.671488,29.0080768,180.473792,38.1146112
605,453,182.7086976,9.2294784,193.1167104,16.2591616
605,478,175.906368,20.739392,197.727168,31.625408
606,480,39.50784,114.1700096,76.212864,122.9423104
607,480,71.5404416,118.956288,96.2911104,124.837632
607,481,224.1156992,6.1333248000000005,236.0320128,15.6462848
608,481,233.7466496,0.0,246.1980544,8.4171264
608,482,136.3053184,95.7751168,149.03944959999998,106.1679232
608,483,109.7657088,112.1410688,132.2607872,120.0437632
609,482,135.7099136,96.2527616,158.59843840000002,110.1887104
610,482,154.468544,87.6466816,168.056128,98.8636544
610,484,52.38668800000001,107.4545152,78.701184,113.8329088
610,485,155.2548352,82.5776384,176.3117568,96.8824576
610,486,159.4082304,82.771456,175.1315456,90.686464
610,487,154.6029952,84.3487616,171.8671488,99.1305344
611,482,135.80154879999998,94.3307904,159.2251392,105.7588096
612,482,143.5000832,100.9118464,168.29511680000002,108.8453376
612,488,152.769024,98.9288064,183.894016,114.1891456
612,489,170.76588800000002,98.76096,183.9728,112.959232
613,482,140.9515136,103.3299072,152.7946624,108.2986368
613,490,135.7574912,186.9204096,142.5621248,192.5760384
614,491,131.3597568,131.721152,139.4329472,137.805376
614,492,15.310848,65.015936,21.110528,69.33593599999999
614,493,63.9375104,115.7030912,73.3532416,121.6043008
615,491,148.2704512,119.5360512,161.1854208,128.1132288
615,493,50.0193664,113.6495616,65.4581376,119.7533184
616,491,164.30865920000002,109.9214848,172.2396928,118.9865472
616,493,53.9796096,102.1100288,72.2043264,109.5261952
617,491,135.5866752,100.0890112,154.98202880000002,111.1831808
617,493,36.580377600000006,101.3577216,56.3286784,108.7901184
618,493,29.3916032,104.5297536,40.4697728,110.3136384
618,494,119.5858816,40.3126784,130.46928640000002,47.1983616
619,494,121.9558784,38.0329984,141.1046016,44.5945856
620,494,128.2142464,32.6248192,151.9239936,41.4856448
620,495,54.7292544,112.5736704,73.08079359999999,120.6044416
621,494,136.099712,28.872908800000005,161.890944,39.2246272
622,494,143.5391488,26.411507200000003,168.2688512,38.3145088
622,496,126.9329536,105.8420352,148.7206784,116.4535168
622,497,55.058624,103.7017856,70.10336000000001,108.5565184
622,498,149.930688,88.763136,170.12358400000002,102.718208
623,494,148.35713280000002,24.8277888,173.1793792,37.5660672
623,496,124.3338112,102.3350016,147.5596928,118.5858304
623,498,166.3011328,79.27146239999999,177.9855872,87.7951616
623,499,97.1412864,114.5903616,121.3367936,121.0750464
624,494,151.90016,21.7057408,177.55904,35.2516992
624,496,108.2948608,112.7186688,128.2573312,120.1757952
624,498,149.1709824,86.5647872,163.8238336,97.4408448
624,500,60.8495872,114.4075648,85.69198080000001,122.2004352
625,494,155.6860544,20.7129856,180.0958336,34.3920384
625,496,124.9140352,99.5558656,147.0183808,111.4444544
625,498,156.6311424,91.2141952,172.9145856,98.2432128
625,500,75.0237824,112.3678464,95.0426496,126.4458496
626,494,169.102208,14.741081599999998,188.9184,28.1960576
626,500,48.6377984,105.9473408,66.0251136,116.3466752
627,494,180.9255936,8.3227008,193.5220224,19.2482944
628,501,8.6869248,105.2990848,16.2858752,111.7520512
629,501,35.4636544,97.5785856,44.5911296,102.2734464
629,502,165.1359872,75.9848704,174.6051968,85.7062656
630,502,162.95397119999998,82.3007488,177.4159488,96.4558592
630,503,147.6983936,101.1132288,156.6303104,108.8764032
631,503,154.3950464,112.9971456,175.4952576,127.8768384
632,503,153.6629376,114.8030976,173.3053824,125.3520384
633,503,140.6945152,119.052608,162.1360768,127.434432
633,504,23.2517376,95.1359744,35.3743104,103.1979776
634,503,121.6790784,122.8628864,146.7584256,130.0477056
635,505,34.3541248,91.6868224,45.9054592,96.7655296
636,505,24.9151872,90.2031744,44.0757888,96.5478016
637,505,13.6288,90.166208,40.139392,99.727424
638,505,33.343795199999995,95.4731904,46.1411328,103.6686976
638,506,39.306752,109.4205568,66.84416,120.4996992
638,507,139.7116032,123.8826112,150.7915648,134.0670848
639,505,49.3839744,110.1902592,68.3831936,118.8816128
639,508,72.120768,16.8367872,78.21216000000001,20.6630656
639,509,119.297024,24.9891072,141.462528,33.4500608
640,505,43.7536,108.2271104,69.863808,117.1240576
640,510,173.122816,97.1101056,184.869632,105.6936064
640,511,134.7047424,117.2854912,149.8684416,125.9810688
641,505,45.0172672,102.6198272,60.1741568,108.2550528
641,510,168.07079679999998,103.9126656,180.4337792,112.7186304
641,512,152.262656,19.3375616,175.013888,31.4530944
642,505,25.254809599999994,97.7293696,44.0111104,107.6005504
642,512,172.0034048,11.048985600000002,194.6008832,25.5508224
642,513,109.2572288,29.557888,129.4883712,37.1552
643,505,31.0614528,100.1293056,44.6054912,109.0401024
643,512,182.2255488,4.6316416,204.2904192,18.0366464
643,513,121.8865792,22.4198784,146.8355968,34.8616576
643,514,11.239744,97.4576896,23.105472,103.7593344
644,505,9.6052608,98.0424704,20.6679168,103.7828096
644,513,138.091648,17.7352832,161.11808,27.5268992
645,513,157.4081152,9.501056000000002,177.2929408,18.8561664
646,513,166.3687296,9.3785344,179.7227904,17.1033856
646,515,154.1623168,118.8254464,166.3998592,125.6837376
646,516,147.7714304,112.318976,161.2948096,120.611328
646,517,150.2473856,117.0908672,167.17623039999998,125.9335168
647,515,164.434944,110.9453568,172.74214400000002,121.0305792
647,518,132.2507264,121.9259392,144.80015360000002,129.4957568
648,515,141.9963392,111.7727104,157.6926208,122.9091456
648,518,120.8600064,121.0432896,136.4051456,130.0553344
648,519,6.5736192,95.9433344,14.930380800000002,102.2774656
649,515,118.141504,113.898752,137.724352,123.010816
649,519,10.556889600000002,100.5489024,28.5299584,109.8155136
649,520,184.3869184,89.82323199999999,195.7244416,101.753344
649,521,5.049920000000001,111.2479104,17.9507584,116.5767296
650,515,103.0172544,118.9394432,122.0246656,130.3067648
650,519,11.7726976,114.5464192,21.9696896,120.3212928
650,520,172.0258048,99.6040448,182.9883392,106.4032512
650,522,29.5093504,107.560448,45.7469696,113.858048
651,515,113.9219328,113.6853632,130.2769792,129.3170048
651,519,16.7010048,114.6210432,29.3127936,120.5620608
651,520,169.2409088,96.379712,185.5300352,104.440512
652,515,125.604352,104.2856192,138.765312,123.4289408
652,519,18.0290304,113.3069824,30.4121088,118.8512256
652,520,157.1559552,79.140992,172.3406208,104.833408
653,515,123.935552,121.9521792,147.315392,128.2018048
653,519,20.0189952,110.1575424,30.0864512,116.9974016
654,519,24.8084992,107.4298496,33.0679808,114.1007744
654,523,9.1598336,99.6569216,21.38752,106.3764864
655,519,11.697535999999998,103.6543872,40.121984,110.1071488
656,519,30.487616000000003,103.7102592,52.27104,112.8007168
658,524,9.43296,105.2651264,33.7410304,111.0205696
658,525,48.462976,90.0681728,74.847616,105.3606912
659,526,119.249152,111.9231616,140.052224,117.8977664
659,527,88.31552,22.887808,100.543872,28.2556672
660,528,83.52856320000001,106.3988736,93.2117888,112.6797824
661,528,108.1754112,119.3462912,121.9204608,127.0613888
661,529,150.1177088,107.2311808,158.90808320000002,115.9972352
662,528,117.2985728,114.5674112,135.0759552,121.2382848
662,529,154.5715072,100.5796736,168.1415808,111.0872704
662,530,138.03904,111.1206144,147.900672,117.5600896
663,528,136.25136640000002,105.9409792,146.1197056,113.0025088
663,529,151.01231360000003,102.9259776,160.0753024,111.9384064
665,531,190.4322048,7.5723648,204.4790272,17.17408
666,532,10.586175999999998,110.2622976,29.7062784,116.4036864
666,533,162.1291904,17.2918784,172.0834176,25.6272896
667,532,7.433344,107.586816,16.387865599999998,112.325888
667,534,141.115776,200.0297856,149.610624,206.7997824
667,535,123.24325120000002,114.9717248,137.44052480000002,122.0177152
668,536,94.412672,41.0385024,116.052096,51.6309376
671,537,127.9737216,203.6914304,134.97207039999998,210.0506496
672,538,25.1524736,99.7003648,37.3258624,106.1292672
673,538,13.5060736,99.8322176,25.4707456,106.4408064
674,539,40.0548224,24.4759168,45.3467776,29.0751872
675,540,105.7551104,39.0442368,115.8625536,45.4419072
676,540,99.4753024,30.4711808,122.5883136,38.6948992
676,541,99.2767744,31.484288000000003,113.1351296,38.559872000000006
676,542,107.4830592,29.655142400000003,128.2652928,38.7096576
677,540,91.587328,31.260992,101.362944,36.519104
678,540,84.97204479999999,34.9288192,95.3261952,43.6114688
678,543,87.02897920000001,22.6641792,101.5928448,28.834316800000003
678,544,158.4268288,21.4177024,182.6281472,28.40512
679,540,94.5911296,34.7938944,106.0155904,41.8965376
679,544,171.805184,11.4810112,190.670848,21.653632
680,540,90.5444608,25.8798592,102.2583552,31.4713088
680,545,79.714624,42.9716352,86.84102399999999,47.7015168
681,540,112.047104,32.2071168,131.000832,37.1197312
682,540,129.15495679999998,23.2064384,148.2645632,31.5765376
682,546,189.128256,0.0,204.042176,6.953984
683,547,80.174272,32.379776,94.060864,38.197376
683,548,7.537151999999999,99.4529152,25.4875136,104.8079488
684,549,168.8198912,9.216704,181.1397888,16.775488
684,550,190.370496,0.0,200.69408,5.226752
684,551,65.54964480000001,202.620928,69.6460032,206.631936
685,549,184.2124672,0.0,204.8681088,8.8322048
686,552,95.5968,35.7321984,107.761408,44.5765376
687,552,77.62686719999999,48.2847488,92.8450688,57.6132352
688,552,74.82656,34.5184256,87.25625600000001,44.2865664
688,553,172.08208639999998,2.2061184000000003,184.9974656,8.783347200000001
688,554,23.298304,102.5471488,39.006464,109.4131712
688,555,69.635392,23.6110208,84.344,30.7029632
689,556,156.69034240000002,86.6553088,168.3508096,96.3898112
690,557,47.2190848,23.625753600000003,63.1041152,32.1776384
691,558,78.05584640000001,25.0361984,92.8768896,31.6381056
692,558,65.807808,27.4030208,78.024768,35.1654272
693,558,45.7380864,33.753664,61.1511296,38.532544
693,559,164.04593920000002,109.7987328,173.4158208,118.2209792
694,558,59.0619264,27.4544384,78.2339456,36.2311936
695,560,64.3881344,198.7004928,71.1879296,209.9236352
695,561,174.5276288,75.155584,182.4003712,80.120192
696,562,2.5154560000000004,97.1068288,8.3014144,101.8108032
698,563,41.2411264,31.6842368,58.47343360000001,42.9162112
699,563,45.7480704,34.8024192,65.2197376,43.4096768
700,563,50.2253184,33.7180672,60.925785600000005,38.884556800000006
700,564,149.2076544,99.2051456,158.94415360000002,107.2050944
701,563,71.8742912,33.702208,81.8859648,38.173376000000005
701,564,128.30055679999998,105.2388224,145.7228672,113.2817536
702,563,80.87580159999999,41.7856256,92.3563264,48.1999104
702,565,82.0882816,57.1831936,97.9560064,63.9334784
703,563,65.49166079999999,53.7416192,85.6036352,63.6395008
704,566,202.3805056,0.0,211.4711424,7.4960384
704,567,79.9488384,185.39968,84.9300096,188.63936
706,568,49.68352,208.7193984,54.04256,215.2488576
706,569,118.3801088,193.6494848,124.5260032,196.9594112
706,570,121.7353088,35.182515200000005,128.6838912,40.1634048
707,570,124.8471808,34.0235392,144.0941312,40.7110528
707,571,184.5594368,1.790438399999999,205.1380992,16.8078592
707,572,36.7520128,106.2760064,61.3789312,116.4675456
707,573,184.8089344,2.7677951999999992,198.7302656,15.5185408
707,574,196.9159424,0.1976959999999996,207.5497216,10.738368
707,575,186.5630208,0.0,207.4214912,16.0697856
708,570,133.0709504,31.8663168,155.8813696,39.1711232
708,571,202.3575808,2.5599999999847967e-06,211.9113472,4.711093760000001
708,573,172.06754560000002,6.0265728,190.9276544,22.4535808
709,570,148.213504,16.9263104,178.25152000000003,37.0487296
710,570,159.5532928,20.5099648,180.4838272,33.0831232
710,576,141.1825792,105.6122752,162.0857728,115.3049728
710,577,128.2417664,29.4168576,149.20130559999998,41.2642304
711,570,171.5884032,15.577548800000002,193.2960768,29.9575296
712,570,174.2169856,18.689856,189.0818304,28.673676800000003
713,570,177.1514368,18.8697344,189.9356672,28.6157056
713,578,113.7427968,29.8740352,124.9306112,36.2625408
713,579,144.1012736,96.4978816,164.3602944,106.4302464
714,578,109.1871616,29.023488,131.1528064,36.186368
715,578,113.785984,25.6476928,140.870016,34.8783872
716,578,115.431424,19.2009728,155.29216000000002,34.4689152
716,580,48.2365184,97.7600128,58.8697856,104.0662912
717,578,120.335744,21.9707904,155.671168,35.033753600000004
717,581,119.679616,25.9257728,147.28384,35.0012032
717,582,116.47424,16.066803200000003,160.48448000000002,33.9408512
717,583,132.32,17.0171904,160.30336,26.572492800000003
717,584,124.803072,16.7312,160.278016,28.1054592
718,578,122.682368,25.1096192,149.762048,35.3591168
718,583,142.518272,15.064780799999998,168.550912,26.9054464
719,578,131.39878399999998,12.9032576,175.820672,32.089510399999995
720,578,147.20064,12.4318464,179.150208,25.4194944
721,578,154.47871999999998,10.8900608,181.352832,23.9231232
722,578,154.4780672,13.1804544,179.9004288,22.8190848
722,585,15.8470272,93.52416,31.799692800000003,103.54976
723,578,154.5304448,12.6235008,177.6444032,20.8118912
723,586,182.22007040000005,2.777728,191.4047616,11.1518464
724,578,153.859584,13.2151936,179.610112,22.5968
724,586,183.5817088,3.2091776000000003,193.1714432,11.7911424
724,587,165.16232960000002,96.7566976,176.6242944,104.6502784
725,578,162.50815999999998,2.3131904,194.316416,19.8871296
726,578,176.0536192,2.6521216,190.7810688,11.8238592
726,588,143.18533119999998,112.7253888,152.4265728,121.3041792
727,578,182.1621504,1.3784831999999998,196.3973376,10.675328
727,588,155.6028928,103.7221248,163.6915712,111.7448832
727,589,97.8280832,51.6892544,104.9746048,57.1895936
728,589,70.6371456,50.7976448,77.52746239999999,56.7494912
728,590,56.1063808,97.3491456,68.5712512,104.1530624
728,591,60.966080000000005,107.424704,82.55776,114.523712
729,590,63.7698304,107.5622016,78.2784256,112.8476544
729,592,181.2625536,0.0295065599999997,190.1555584,4.83721216
730,593,73.7867008,207.1270144,83.0568192,213.8071296
732,594,18.4283264,64.30630400000001,23.2343936,68.931456
733,595,196.9293056,13.029248,205.2794624,20.38976
734,595,184.8201344,11.8390656,204.0735616,24.6543488
735,595,171.4482304,19.857088,194.0393856,32.256832
735,596,117.9567872,39.33824,132.29038079999998,44.48384
736,595,157.58579200000003,27.9794304,183.55264,36.8991616
736,596,121.9747072,35.586431999999995,141.7052928,42.63232
737,595,141.868736,31.5646208,165.38144,40.7379712
737,596,123.52550399999998,32.9567744,151.306368,41.9713536
737,597,126.688512,32.0896128,165.379328,41.5841152
738,595,140.608768,26.835328,167.907584,38.905472
739,595,149.563136,23.0563456,175.222016,33.8498944
739,598,93.88768,40.0074624,103.333184,44.5616256
739,599,14.9098624,94.449344,36.9603456,100.331328
740,595,155.4787712,18.4070528,179.8986368,31.1574656
740,598,83.4430464,39.9359744,90.4306176,44.6249216
740,599,27.862655999999998,96.0787968,43.917696,102.0959232
741,595,153.631104,17.6077696,181.044864,27.8323328
742,595,163.34643200000002,13.427942400000004,189.213696,24.035968
743,595,170.2829568,10.3826048,192.2790912,21.3307264
744,595,178.8311168,11.164992,189.0659712,16.846476799999998
744,600,18.0642048,99.2563712,36.7192832,106.0924928
744,601,129.1554816,110.4624768,150.83530240000002,125.6949632
745,595,189.8541824,9.534464,196.6771456,15.1788032
745,601,157.01478400000002,99.1363072,168.224512,111.4585088
746,601,171.7815808,89.5290368,181.1712512,95.9060992
748,602,154.5901568,87.2010496,173.77182720000002,105.8485504
749,602,179.2651136,77.73871360000001,188.0498304,86.3762304
755,603,199.7496832,1.2712959999999995,207.7265408,9.6968192
755,604,44.780288,36.81763840000001,61.152,46.4432896
756,603,169.57457920000002,9.2905856,183.2185088,21.9655296
757,603,146.3562624,16.9170176,169.1401856,31.929728
757,605,198.467328,5.119999999969593e-06,207.035648,4.62541312
757,606,55.8156672,41.8488064,64.8274048,48.3236096
758,603,123.951488,24.937728,162.76851200000002,43.3344
758,605,189.3252736,0.0,204.3909504,12.4453888
758,606,70.3562368,46.2932992,89.76971520000001,54.514380800000005
758,607,118.1060096,55.198976,129.98922240000002,62.315264
758,608,124.933888,25.8809856,155.343104,42.2518784
759,603,124.688256,34.5412736,159.697024,40.9526144
759,606,82.7795584,40.9095296,101.6766336,50.8869504
759,607,110.762496,32.7083264,144.200704,44.8560896
759,609,110.58380800000002,33.0807552,158.36108800000002,45.6576768
759,610,116.615424,34.3133056,159.63264,41.9153024
760,603,137.035392,26.0663808,165.09171199999997,39.5484672
760,606,112.8139904,49.5854848,125.1385216,57.2115712
760,611,184.9068544,1.2800000000368073e-05,191.6358656,10.255296
761,603,132.9491584,30.3665536,157.4126976,37.6106624
761,611,173.079808,3.9467136000000007,198.889728,19.8054784
762,603,120.979712,31.2663936,148.091136,37.8310784
762,611,163.73672960000002,21.0556544,180.0487424,28.3725184
762,612,130.54206720000002,207.7034496,140.4426368,214.88803840000003
762,613,209.9213312,2.1261952,226.6267648,14.9427072
763,603,130.361984,24.1709184,160.46272,36.4140416
763,611,131.58451200000002,25.7659392,166.00576,35.7375488
763,613,232.2157184,2.5599999999847967e-06,240.7555456,4.40627456
764,603,138.7133568,26.2585344,161.7574272,33.9613696
764,613,213.662784,0.0,228.722112,7.8082048
764,614,210.191104,-1.2800000000368073e-05,228.192512,9.1672704
764,615,208.5796224,0.2432895999999997,223.8105216,10.1341312
765,603,153.1287168,19.4392448,169.79377920000002,26.6610816
765,616,174.7057408,-1.2800000000368073e-05,184.4310272,7.739712
765,617,49.27808,25.6931456,66.53376,33.0665344
766,603,174.34507520000005,-1.2800000000368073e-05,184.2996608,7.7066368
766,618,189.98496,17.045849599999997,199.03776,20.8070272
767,619,101.7858176,48.7015552,112.1707904,52.8715648
768,620,213.0109184,2.5599999999847967e-06,222.8505856,5.063221759999999
768,621,152.3110656,97.4639232,169.28893440000002,106.1507968
768,622,203.4642048,1.2799999999923983e-05,223.0031232,6.5693568
769,620,213.2943744,-5.119999999969593e-06,224.1062016,4.74316288
769,623,152.67153919999998,41.9200896,159.6484608,47.9144064
769,624,52.524544,34.955724800000006,65.21856,41.8381312
769,625,162.4963968,17.5326592,184.5008512,28.8361088
770,620,198.3500544,6.957107199999999,211.9657216,15.0511104
770,623,145.111168,26.8317312,173.919616,35.6194688
770,626,230.3301376,1.4400000000000004,239.7329664,7.8780928
771,620,202.1478144,0.0,211.3428736,4.961536
771,623,135.60235519999998,24.7750912,152.0392448,31.4317568
771,626,239.4536832,-1.2799999999923983e-05,249.1494528,5.1475072
771,627,107.0214912,38.3149568,131.6667648,48.0835072
772,620,190.4344832,6.041855999999999,206.9676288,27.761664
772,626,227.2119936,-5.119999999969593e-06,241.2045184,4.34344448
772,628,174.47473920000002,8.8677248,186.5968768,17.9303552
772,629,83.76075519999999,38.4286976,92.7440768,44.2971904
773,620,180.60555520000003,18.29664,193.5886208,27.8838144
773,626,205.0539392,0.0,214.1383808,6.2688256
773,630,149.08736000000002,20.9371776,173.663104,31.2253824
773,631,41.039104,98.8164608,66.670336,104.2345472
774,620,190.8949632,0.0,212.3465088,23.5072
774,626,195.364608,-1.2799999998591716e-05,223.99616,19.6360832
774,630,137.819392,26.6485376,164.088576,35.6091264
774,632,191.844864,1.2800000000368073e-05,219.124736,21.8644864
775,630,127.9241088,29.90912,147.7028992,36.770176
775,633,152.6357376,25.9022848,176.60074239999997,41.4953472
776,630,130.3295104,41.5300608,143.3390976,48.2639872
776,634,67.27592960000001,42.08352,84.3933184,47.854400000000005
776,635,179.7218304,4.210803199999999,204.6181376,25.6859008
777,630,143.24544,25.9168896,176.71974400000002,47.0210944
777,635,181.359744,7.944704,198.900096,25.2094464
777,636,206.190208,1.2800000000368073e-05,216.104832,7.923648
777,637,151.6541696,10.119628799999996,175.84867839999998,23.5358208
778,630,148.73471999999998,16.12896,176.15488,39.757376
778,635,202.9004288,-1.2799999999923983e-05,209.8324992,7.312704
778,637,151.445888,10.904191999999998,174.433408,25.8189568
778,638,117.128896,25.1289088,140.541248,37.9100672
778,639,160.40517119999998,10.3492992,175.3250048,18.2876288
778,640,150.7193728,12.530726400000002,174.70424319999998,37.4320768
779,630,125.09382399999998,22.9602816,150.176832,35.4230784
779,641,124.4615168,41.0212224,142.5905152,50.322137600000005
780,630,114.5089152,28.8030976,135.8887808,36.4185344
781,630,123.2101504,46.8438016,148.4713856,59.7996544
782,630,123.9467264,45.4221568,148.3461376,57.7970432
782,642,162.6948096,16.2698752,179.6908544,29.0096128
783,630,132.32896,36.1051136,153.585664,46.5173504
783,642,160.38478080000002,17.0262656,178.2801792,32.828351999999995
784,630,123.47865600000002,42.888384,152.14169600000002,53.671232
786,643,61.4159488,43.7515648,73.2866432,49.9915392
786,644,196.479488,0.8866944000000005,205.925888,10.8478848
786,645,106.8455808,27.5213056,123.7264512,34.0006144
787,645,127.1250944,27.0027392,136.61122559999998,32.0083328
787,646,140.2913152,100.9001216,159.6628608,113.8101504
788,647,137.8178688,206.5498624,146.0477312,217.2801536
790,648,71.62698239999999,106.80224,86.4550656,113.838528
791,648,71.055104,105.620288,86.25484800000001,112.72416
791,649,130.010304,45.4267264,141.68864,52.426201600000006
791,650,224.6363136,-1.2800000000368073e-05,235.1791104,8.0674432
791,651,145.1475584,98.630528,159.5088256,109.78624
792,648,67.7583616,103.4643712,86.6710784,112.0732928
792,649,114.7018368,38.7957632,127.8371712,48.1659008
793,648,63.9478272,103.6563328,89.1483648,110.6069632
793,652,131.41500159999998,105.5618944,155.8466944,115.7332096
794,648,63.968256,103.1273216,89.304576,112.1881344
795,648,70.646656,106.1584256,96.298624,115.8606464
795,653,104.083392,25.3997312,124.457536,31.1035648
796,648,66.21913599999999,106.0397696,92.629888,119.2965504
796,654,67.37088,26.8958848,94.200448,42.4847232
797,648,67.8194048,111.7610752,91.4335872,118.8969728
797,654,53.7200384,43.5701632,71.3702656,50.6045568
797,655,120.7536128,110.8794624,146.0659712,120.7703296
798,648,78.72332800000001,113.0824064,122.448128,124.0995456
798,655,85.258368,116.7390464,123.146112,124.8199936
799,648,77.0776704,110.9954304,97.9044736,117.3616896
799,656,36.313152,105.7997696,47.136704,112.3572864
799,657,122.2664064,119.7766144,134.63420159999998,124.8339456
800,648,79.86623999999999,111.9145088,95.66784,116.3504512
800,657,128.585536,116.5145856,136.137408,124.8478464
800,658,168.7480832,24.1506304,186.4309248,29.998489600000003
800,659,140.57152,108.0025856,160.97344,120.3304704
801,648,80.06507520000001,112.9443072,93.4117888,117.2268288
801,657,134.2309504,112.4823168,145.1167616,119.2652672
801,658,157.31064320000002,9.4761472,168.7191808,16.0996864
802,648,76.656896,113.104768,87.13497600000001,118.66688
802,660,115.1129856,21.284928,129.8549504,29.508288
803,660,89.413376,24.4243712,120.781568,30.2116608
804,660,85.89286399999999,21.9602944,104.572672,28.832
804,661,138.4844416,107.1019904,153.37859840000002,114.4352896
804,662,156.8592512,114.5782784,167.0877568,119.3253376
805,661,154.9198208,107.2674944,161.1664512,113.2918656
806,661,139.9492224,107.6285312,156.0451456,114.7049088
807,661,136.538112,107.2652544,151.806464,115.9739136
809,663,140.96336639999998,94.457664,161.9762816,107.744448
809,664,79.328512,115.54816,89.42208000000001,120.495616
809,665,126.2164096,35.2448768,138.75639040000002,51.268275200000005
811,666,69.42854399999999,114.5310976,87.747264,120.3524864
812,666,57.4717824,112.8996864,70.55842559999999,119.5862016
812,667,153.5149312,102.5281792,166.2915328,110.3603968
813,668,199.1029376,194.4631552,205.1108224,198.8101888
814,669,19.99072,97.2805504,34.978624,103.7951616
815,670,134.1171072,104.5720576,146.15476479999998,115.1752704
816,670,150.4647168,97.1182336,162.77893120000002,112.5857024
817,671,20.967552,63.305792,28.74944,68.56492800000001
818,672,161.0413824,106.1497728,168.6646016,121.9252352
819,672,153.5439744,103.5795072,168.49276160000002,118.0627328
819,673,153.0628096,104.222592,163.90563840000002,117.7248
819,674,20.5427072,95.7135104,28.7766144,101.0905856
820,672,146.5036928,115.5287296,156.8639872,121.4233344
820,675,95.2623488,31.7961728,115.1486592,50.113587200000005
821,672,140.6584832,104.7884288,152.99655679999998,113.2780032
821,676,49.8064256,33.266048,66.95875840000001,45.05152
822,676,57.88408319999999,18.4532736,70.4051968,24.761728
822,677,23.4518912,63.317888,28.9948288,68.770944
823,678,146.5389184,126.2584576,156.7790976,136.5419264
824,679,23.064128,61.6232576,28.609472,69.8706304
825,680,53.9826432,99.8437376,66.3542528,108.8879104
826,681,103.022208,215.6761344,112.734592,223.3679616
827,681,102.7725312,194.724224,109.2999168,199.575168
828,682,45.126656,117.5654144,54.391808,124.3858176
828,683,216.4840704,6.4668032,227.0640896,16.8269952
829,684,70.70283520000001,200.0472448,78.8513408,206.2012032
831,685,80.0193664,31.1120896,88.67797759999999,42.2636544
832,685,85.6967552,30.4429568,92.5939328,37.8726912
833,685,76.89663999999999,35.591808,84.604544,51.972992000000005
834,686,99.7646976,25.2816,121.1423104,29.88896
835,687,164.3239936,94.740032,181.4434304,105.088448
836,687,168.9597184,89.4562304,189.5734016,95.4413056
836,688,118.2357632,25.571008,139.1998848,30.475584
837,688,118.376512,27.3798272,127.546304,31.2544128
837,689,115.066496,33.128678400000005,121.460608,46.4642816
838,690,157.2947328,104.7136768,175.0342272,113.1392512
839,690,148.06613760000002,111.4829952,158.3520384,116.3027328
839,691,89.9238144,40.5334272,97.0667776,46.489164800000005
840,692,180.4230016,101.8501632,189.2773504,108.4983808
841,692,168.7674368,108.766976,184.8325632,119.929088
842,693,80.21189120000001,218.7209088,86.4057088,222.6164352
843,694,69.6709888,103.6802816,84.8890112,109.0685184
844,694,64.3355264,97.6941696,76.4506496,102.4097664
845,694,66.86461440000001,98.6248704,78.6882816,103.7810176
846,695,0.9566847999999996,98.471616,6.3017344,103.359296
846,696,62.3466752,203.0173824,71.3523968,208.7790976
847,697,66.8205952,103.053504,79.2786048,109.080384
847,698,167.2329856,103.1304576,179.24151039999998,110.6868864
848,699,78.423168,22.1886208,112.999808,41.1688192
848,700,80.590592,22.4785536,112.22912,36.6287744
848,701,81.646464,24.7180672,109.359744,40.7605888
849,699,84.6285568,24.0457984,95.4095872,28.4060416
849,702,98.697472,23.2626944,111.828736,28.5527296
850,703,24.0461952,61.6993792,29.6354688,68.3675648
851,703,23.6890624,63.47120640000001,29.8057216,69.24584960000001
851,704,172.9044224,185.4384384,181.1845376,188.9646336
851,705,62.6445184,217.1314688,68.41109759999999,222.6273792
852,706,79.5020416,22.8304,89.6770944,32.155328
853,706,79.7711104,22.880896,89.99170559999999,33.457536
853,707,47.132672,113.955456,64.665088,121.4688
854,706,85.17018879999999,27.3908992,93.6662912,38.0764928
854,708,168.3901696,102.3711104,183.0619904,114.2576256
854,709,84.146432,43.898816,99.31136,52.476992
855,706,69.8472192,49.6316288,84.9191168,59.4325632
855,708,153.172992,104.0712192,176.090112,113.9655168
855,710,15.042124799999998,94.1675648,35.294592,103.2524672
856,706,64.61442559999999,46.325632,77.2730624,52.502656
856,708,169.22293760000002,105.8000128,181.1192064,114.4137472
856,711,103.0552064,24.2400128,113.5202816,29.5373952
857,706,57.7755008,52.7740032,73.1224192,62.3113088
857,711,102.0223104,25.050304,110.7300736,30.106944
858,706,56.4919296,50.2064256,73.0952704,60.4449664
858,711,99.281536,24.2720256,114.048384,30.1520384
858,712,57.098688,47.7095808,74.218048,58.5442432
858,713,147.8125824,86.2921472,166.5518336,107.5740928
859,706,64.642304,35.35039999999999,92.657408,53.580928
859,713,147.462784,94.9877632,162.12262399999997,107.2706688
859,714,66.27008,35.0074496,92.772992,47.4552704
859,715,67.3003648,99.52192,74.2246272,104.277632
860,713,141.9358848,98.9093632,163.90885120000002,111.0126848
860,715,71.92088319999999,103.8584064,88.3259008,109.9993856
860,716,161.66161920000002,119.1159552,168.2389248,127.6926208
860,717,46.382233600000006,112.1963648,70.7541504,117.7223552
861,713,148.7048576,104.3140352,163.48611839999998,112.0725248
861,715,68.0926848,113.5260032,92.2764672,120.0637568
861,717,53.070208,90.737344,78.867584,99.512128
861,718,59.7932032,55.8195456,75.7101568,61.284582400000005
861,719,53.9459456,42.0267776,68.6780544,51.9794944
862,713,146.0482816,103.7550336,166.59325439999998,114.5059584
862,718,60.8578176,56.0899072,74.6214784,61.7914368
862,719,70.48590080000001,41.5294208,78.0867712,49.9101952
862,720,111.7621504,29.04992,124.7603456,38.766528
863,713,150.901184,95.1280512,172.87737600000003,115.0566528
863,718,65.7441152,57.83424,79.2302208,64.521472
863,719,69.8552576,44.6806144,78.31907840000001,53.1190656
864,713,151.7699072,98.6315264,176.0309248,120.5536256
864,718,66.35064320000001,59.6905472,80.3783168,65.5615488
865,713,157.2978048,86.81779200000001,165.72913920000002,96.80896
865,718,68.6928256,59.7778816,83.6225664,65.6313984
866,713,172.89269760000002,75.517952,195.3233664,111.0656
867,713,184.8087296,83.16138240000001,200.1528064,99.7526656
868,721,92.7407744,37.2538368,108.3564416,44.4664832
869,721,99.0880512,37.5970048,113.3678848,44.3060992
870,721,103.9908096,28.8999168,123.9147264,41.3690112
870,722,179.2532992,90.8956928,188.2306048,99.5068672
870,723,159.2202752,13.4848384,173.4844928,30.7167872
871,724,185.0400512,3.6581504,208.5558528,17.6097152
872,724,172.6637952,0.0,184.3850368,9.1723264
872,725,108.1171712,23.8877568,131.8802688,33.5043712
873,724,198.4560256,-5.119999999969593e-06,211.8049664,4.67813888
873,725,137.20637440000002,16.051904,157.1316736,29.1384448
873,726,239.023744,5.119999999969593e-06,248.776064,4.85862912
873,727,215.7665792,0.0735999999999998,224.6916608,6.7490048
874,726,231.4161536,0.4950911999999996,246.8333184,8.1367168
874,728,98.787392,27.7311744,111.472576,33.5142656
875,726,217.2555264,10.7435264,227.4707456,18.7817728
875,728,93.6100352,26.7127424,111.9692288,34.5004416
875,729,79.29607680000001,32.0699776,96.2477312,37.7130624
875,730,81.780352,25.438336,110.336896,35.463552
878,731,85.5301376,34.2832128,93.4886144,38.5144832
879,731,90.6362368,33.7303168,99.7289472,38.6362752
879,732,130.680576,114.2551808,147.04153599999998,119.9955712
879,733,184.1401728,1.2490752000000005,198.9694592,7.148339200000001
880,734,59.8187648,46.260864,71.9459712,54.267264
880,735,95.147776,122.3207552,121.034496,127.8009728
881,734,84.38206720000001,31.2498944,93.8026368,36.3607296
881,735,78.16821759999999,113.252736,94.5263104,126.822016
881,736,208.9669888,0.0,224.0908032,15.7074432
882,734,74.098048,26.1608576,85.222016,31.7775744
882,735,61.5925504,114.9248896,78.9391616,124.8119424
882,736,192.104832,19.1515392,203.87136,26.411904
882,737,32.0855552,113.4401152,41.2953088,119.5557248
883,735,47.78304,115.3933056,66.11904,122.5074944
883,736,192.01312,0.0185753599999998,205.677248,4.29684736
884,738,76.812032,120.9016064,103.297792,126.4809216
885,739,138.7496448,27.114304,144.5025792,38.261952
885,740,205.7942528,2.369625600000001,224.5484032,19.6672128
885,741,115.54976,115.1482368,124.587968,120.0922112
886,741,131.8666368,101.2459008,152.0004992,114.7802112
886,742,172.5149184,-1.2800000000368073e-05,186.4948736,19.1495296
887,743,87.21203200000001,59.0784512,114.590208,64.4896768
888,743,110.2040832,53.1028224,129.8051328,61.0183936
888,744,198.620288,2.8957952,213.224832,9.8180864
889,743,105.4646784,31.0548992,115.1909376,41.8707968
889,745,73.4106752,30.01664,85.6876928,36.403072
889,746,87.9000192,39.6174336,98.3850368,49.5555584
890,743,94.0341504,30.3597184,101.8222336,37.9113856
890,745,72.3635584,27.4457728,87.76341760000001,36.3586432
890,747,57.2354176,94.0696704,69.90851839999999,101.3806976
890,748,214.7184512,0.0791935999999999,227.9644288,10.9421184
891,743,70.9495936,27.837388800000003,88.22864639999999,36.59525120000001
891,747,53.0898304,100.2925568,67.2675456,112.1382912
891,748,214.4093056,-1.2799999999923983e-05,223.6450944,7.861414399999999
891,749,190.3481984,0.0,204.9040256,5.2955648
892,743,70.0491392,28.7769984,86.9403008,37.3518976
892,748,210.589888,3.8509312,220.52384,14.0883712
893,743,69.5976704,29.0175872,84.1298176,36.3443328
893,748,199.9330688,-1.2799999999923983e-05,208.4790912,5.1457152
893,750,186.4298112,1.743424,195.0311808,7.1917952000000005
893,751,101.8317568,33.9643008,111.7848832,41.7016192
893,752,168.280256,6.857638400000001,182.298944,12.6285696
894,743,69.4043648,29.4530432,84.0169472,36.2800768
894,748,172.65308159999998,7.111654400000001,187.2870144,17.469056000000002
894,751,100.5236224,30.9958144,108.4568576,39.6397056
894,753,145.889792,96.973312,162.363904,105.543168
895,743,69.5246336,30.141184000000003,84.3206144,36.778752
895,748,163.1820672,14.4240256,173.32890880000002,21.0148736
895,751,84.82467840000001,34.6399488,96.3024896,41.7878272
895,753,172.6471296,90.7234816,185.9182464,100.9908224
895,754,143.4767104,22.7088768,155.7534976,28.9401472
895,755,118.358784,29.7424128,128.888576,37.3930752
896,743,81.9642496,38.2435968,89.41341440000001,44.4239232
896,754,117.743232,25.7618304,154.752896,40.901081600000005
896,756,204.878336,1.0196991999999998,220.443648,20.6301184
897,743,75.9716224,34.8651264,87.80437760000001,40.4188416
897,754,112.073216,29.0407424,138.264576,45.5335936
897,756,204.1357184,9.960704,216.3770496,24.6436352
897,757,97.962944,24.5255808,108.401728,30.148851200000003
898,743,87.0884864,39.054336,97.8059776,44.606976
898,754,111.9264,33.5830528,128.61375999999998,46.0749312
898,758,137.5652096,51.437772800000005,150.5161984,56.6162432
899,743,106.2686976,31.0189312,115.1211264,39.5208448
899,758,127.2811392,47.5524992,148.8512128,54.648844800000006
900,743,128.64545280000002,35.3545728,140.3757312,53.9556352
902,759,208.4721536,14.3772928,218.7288704,21.973171200000003
903,760,92.833088,29.7561344,101.843136,36.5647616
904,760,83.11735039999999,31.5966976,91.4352256,38.7090944
905,760,73.33871359999999,31.7229184,78.4354944,36.5911936
905,761,95.606592,46.4102656,109.3552,52.8501504
905,762,184.204032,8.1665536,201.41952,13.4201856
906,760,78.6947712,49.444736,92.0029568,56.713856
906,763,68.8101248,55.0367232,87.39697919999999,60.2421248
908,764,99.7793024,26.861516800000004,115.8622976,37.1564032
909,765,168.6708736,18.191616,193.8169344,23.5799552
910,765,148.23884800000002,24.792256,176.474112,29.869376
911,765,135.372544,26.8696576,163.344128,31.9309824
912,765,116.260736,26.4519168,142.061184,33.8391552
913,765,108.1153664,27.6153216,119.5766656,32.9896064
913,766,73.66739199999999,209.520576,80.929984,217.3968
913,767,62.77784320000001,200.2824448,71.2320128,206.0791552
916,768,117.1998336,32.0201216,125.9213184,36.5074944
917,768,131.1009152,24.395443200000003,147.07124480000002,40.2650368
918,768,161.77280000000002,21.8319488,172.531456,28.2955648
919,769,215.137792,1.8640256,225.200128,6.9908608
919,770,95.7959936,57.8366464,111.6628224,64.8733696
919,771,88.1483264,56.5997696,111.4087936,64.38787839999999
919,772,88.3397248,56.4193536,102.6239872,62.8167424
920,769,222.5465984,2.1334144,231.5523456,7.1261568
920,770,90.363904,53.8191488,97.793536,60.987123200000006
920,773,108.3047936,57.8408576,124.7089664,64.0540544
921,769,220.8801408,8.693056,228.3839872,15.503552
921,770,89.3486976,51.3308032,96.8590464,59.3308288
921,773,114.0444416,58.6452224,122.1334784,62.2528256
921,774,43.904051200000005,35.6978816,53.5351808,43.4066304
922,774,45.9855104,33.1012992,54.7566336,39.4977408
922,775,166.81352959999998,85.7605376,185.2904064,96.4981504
923,774,45.505728000000005,33.6860032,60.333888,41.2329088
924,774,45.113536,32.721932800000005,63.939904,42.6490752
924,776,197.8570112,2.74912,208.1687168,8.0054912
924,777,109.8182528,56.4836608,125.2527232,61.0817792
925,774,45.4128,31.268544,65.120832,41.396032
925,776,193.9169792,0.0,203.1815168,6.993664
925,778,166.75448319999998,88.86246399999999,180.0896768,97.70112
926,774,45.5895936,29.7400064,67.1840384,40.7050496
926,776,191.7583744,0.0,201.2702336,4.3175424
926,779,133.1990016,24.159936,144.6362624,34.457408
926,780,75.7466624,23.2499328,87.9530496,33.2272512
927,774,45.874636800000005,28.3190016,66.5011712,39.6715264
927,780,80.5260416,23.1429888,89.53015040000001,28.9130752
927,781,82.44436479999999,30.767552,96.7110912,36.543552
928,774,44.8071936,26.4786944,67.23223039999999,35.2208896
928,782,151.8026496,31.8911616,166.67773440000002,40.4057984
928,783,68.85036799999999,102.8649344,86.903104,108.6432896
929,774,45.0407936,25.0827776,69.1490304,32.8776704
930,774,45.5461632,25.1842048,69.37070080000001,33.0076672
930,784,92.2055552,27.7038976,112.7787648,35.1620224
930,785,99.8594304,51.4832128,115.3869056,58.5727232
931,774,46.7820416,22.8049024,70.6118784,30.4646016
932,774,46.6252416,22.730048,70.0575104,30.359232
932,786,22.733235200000003,90.1823104,38.7180288,99.2643456
932,787,34.819648,102.388288,45.78553599999999,108.714432
932,788,173.8071552,-2.5599999999847967e-06,184.6092288,4.285616640000001
933,774,50.35776,21.978816,68.95206400000001,28.7196288
933,789,224.267328,0.0323967999999998,245.0288,12.4712064
933,790,180.9985536,79.6881792,197.4918144,91.3648768
934,774,50.2377728,21.5687552,68.7392512,28.4896896
934,789,202.5501568,11.5761792,217.9129472,17.9660672
934,790,167.4313728,85.53744640000001,187.7594112,97.7995136
934,791,133.38943999999998,15.6508672,148.236672,24.3280384
935,789,184.2739328,5.0515968,190.6764672,15.6858368
935,792,96.3996288,21.2664448,113.4573952,28.5988224
936,793,148.57555200000002,101.0602624,166.408384,109.6774016
936,794,47.5295744,21.8269824,57.1047936,28.9871232
937,794,54.3336576,18.3061632,62.2717824,28.1096576
937,795,248.7597568,72.7395968,255.0067712,77.56209919999999
938,796,145.19745279999998,100.1591936,160.9068672,108.2990464
938,797,59.615936,55.4564736,77.585728,62.1888384
938,798,148.23366399999998,9.2761216,172.923968,21.9843968
939,796,158.386112,97.9825792,175.64422399999998,110.0261248
939,798,119.469312,19.3944064,148.974848,30.7130368
939,799,66.66009600000001,99.6532864,80.031488,104.5236096
940,796,149.7718144,99.6255488,163.9065216,107.4390272
940,798,88.028928,22.8784768,131.76601599999998,34.3610752
941,798,105.150848,20.0619648,130.466944,29.854656
941,800,82.293824,26.656832,97.748416,33.492416
941,801,52.2840576,102.9715712,69.5192064,117.9538688
941,802,153.8329216,1.8450816000000003,172.9367424,14.49888
942,798,120.5665536,23.8952064,137.94890239999998,31.2420736
942,800,75.804928,23.2662656,107.599104,41.518118400000006
942,801,59.338816,99.2085888,71.179712,110.5992832
943,798,95.2380416,23.180416,118.6069504,33.993088
943,800,80.1563648,29.700236800000003,91.9063552,46.18584320000001
943,801,63.9983616,98.6598272,76.9050624,109.8885248
944,798,79.336896,25.7800576,93.868096,31.977126400000003
944,801,68.6607616,98.249216,82.26250239999999,109.433344
944,803,122.649408,19.6258048,137.564864,26.1101824
944,804,67.55614720000001,56.361728,88.2940928,64.696064
944,805,65.070848,55.9816192,96.173312,65.4852608
945,798,97.595904,23.2589056,123.28448,30.0566784
945,801,68.4795264,98.2734464,80.88469760000001,115.2095616
945,806,49.565376,88.5563136,58.38112,94.1647104
946,798,89.263744,24.7545344,117.149568,30.5220096
946,801,66.21952,100.8875776,78.864896,116.8737024
947,798,85.4108544,25.3653632,102.7911296,34.1141888
947,801,53.8087296,97.7288576,63.7444224,103.3960064
948,801,55.73361920000001,97.659264,65.6083328,103.8752
949,801,56.263360000000006,97.6284672,65.71808,103.0745088
949,807,67.09322239999999,56.188032,76.4260096,60.41792
949,808,28.175321600000004,98.3358848,46.5736064,108.6247552
950,807,65.60710399999999,54.38272,83.67980800000001,61.17824
950,809,48.733504,38.9015552,56.763584,44.2928128
951,807,64.77137920000001,55.0435712,85.2533248,61.8588288
951,809,52.5476864,43.7465088,69.76450559999999,53.5488512
952,807,68.3545216,55.741465600000005,87.6713344,63.0573824
952,810,98.1663104,23.1223936,116.6750336,30.4722304
952,811,174.1339904,80.27701760000001,195.8735616,90.5548544
953,807,74.2596992,59.2125824,93.8677888,65.5782016
953,810,89.0976,24.6160256,110.040704,33.9183744
953,812,144.105024,92.0305664,160.347584,102.0455936
954,807,60.2352,38.5726208,79.11328,62.2785792
956,813,147.280192,99.2942976,155.083456,105.8390144
956,814,86.667712,217.5222272,93.080128,225.0464768
957,813,153.49416960000002,93.301184,166.8463104,101.790272
957,815,38.7815552,90.2448128,53.4752128,99.0728192
958,813,154.7148032,93.7675136,168.6956288,102.3991424
958,816,66.7108224,55.6733952,76.3865216,62.7266048
958,817,87.2317824,33.4482816,97.3375616,38.8394624
959,816,66.2392064,55.960896,75.76757760000001,62.218944
960,818,159.1347968,87.5663616,168.28920319999995,96.3445504
960,819,88.478848,27.2271744,98.023808,32.6932096
961,820,61.507904,54.0420992,75.54784000000001,60.3520128
962,820,60.802278400000006,54.4011008,71.27528960000001,60.2618112
962,821,115.16448,37.5805952,132.55136,57.7466368
963,820,57.87544320000001,34.4141184,81.5447168,48.7556736
963,821,115.2293504,21.7607168,133.0583936,29.9164672
963,822,151.1751936,10.8297216,170.9286144,29.1995648
963,823,145.4180864,98.1284352,168.3959296,107.5132928
964,820,70.0477696,58.7391488,84.7088384,64.0000512
964,821,95.3451264,25.375923200000003,118.0073216,31.7694208
964,823,145.7936768,96.2668288,170.2014592,108.3508992
965,820,76.514688,59.7821056,89.28064,64.9400704
965,821,114.4914304,19.31072,135.5913856,27.0801664
965,823,142.9094528,105.9504896,156.6786432,110.7453184
967,824,140.4676608,98.5289472,150.7108352,105.4426368
967,825,111.2966016,32.9156224,122.8420224,38.7398016
968,825,85.3535744,30.5335552,105.5548416,41.3829888
968,826,42.620608,100.7183488,52.671808,116.7715712
968,827,85.3635712,31.4915712,100.4171648,41.1852928
968,828,42.086528,94.1981696,52.92992,117.0827264
969,825,79.83854079999999,34.0659584,87.6847872,39.5959936
969,826,12.0806912,92.5695872,29.0077184,101.7221248
969,829,80.2667392,22.0814848,95.7194368,28.4632064
970,825,73.5458816,57.4222848,85.2109824,62.484019200000006
970,826,23.3620096,88.256128,44.280870400000005,94.529408
970,830,157.4742656,82.31362560000001,172.90243840000002,93.7191424
970,831,205.95194880000005,3.487488,217.9599872,15.5195392
971,825,69.0352896,56.2087296,79.01667839999999,61.2988544
971,830,146.9824256,84.464512,168.1586944,98.523776
971,832,85.4119296,47.3037952,94.3446144,54.0891008
971,833,74.74045439999999,19.4708864,96.6295296,27.5782784
972,830,142.22992639999998,83.66442239999999,163.2359296,101.2909696
972,834,191.5950336,0.0,204.5209344,5.3376
973,830,147.76535040000002,81.8040448,165.6226816,100.7137152
973,835,49.834380800000005,114.2951808,66.2882432,120.3267712
973,836,156.414784,95.7220864,165.88768,103.5483136
974,830,153.1667072,83.87374080000001,164.0085888,98.4392192
974,837,157.4143104,105.50912,172.9485696,113.743616
974,838,70.9888768,49.9327104,81.56203520000001,58.1878656
974,839,91.0765824,38.1820672,107.0658816,52.5330688
974,840,166.68677119999998,77.85224960000001,174.9426688,95.3885824
975,830,156.9857792,82.423296,168.6318848,107.764736
975,838,63.9559168,25.774144,79.59096319999999,33.018816
975,839,79.7974528,19.65952,93.4044672,26.082816
975,840,166.53913599999998,79.5722112,174.981248,99.0768768
975,841,163.72224,81.04645119999999,175.774208,103.5106048
976,830,159.0260096,82.5674368,169.1204224,107.5632512
976,840,158.0142848,80.1895936,171.0214912,105.3909504
977,830,161.16075519999998,81.1656192,173.1859968,105.4573568
977,842,144.7187328,105.7408384,159.44869119999998,111.7680256
978,830,150.8492288,103.655424,167.4796032,113.08544
978,843,39.6521088,97.4283776,57.3401472,106.6655744
979,830,155.7119232,101.7292288,164.98286080000003,109.5322112
979,844,176.0773376,80.387968,184.1945344,88.071808
981,845,143.9561472,110.619264,154.2085888,117.800832
981,846,54.518784,96.5592064,75.98233599999999,102.8197376
982,845,146.1320064,100.5326592,168.0859776,113.9016448
982,846,34.88729599999999,106.4642176,64.174976,114.0761984
983,845,167.3896448,96.4423296,175.9411712,105.0301824
983,846,23.426944,104.143104,50.075776,110.459136
984,845,169.8174208,101.3561984,180.6532352,110.5257856
985,845,155.4561664,107.6924288,167.9660416,117.7212032
986,845,156.65534720000002,86.7938944,167.6352128,96.5614976
987,845,157.9007872,83.924224,171.9726208,94.859008
988,845,161.2343936,88.30239999999999,168.29495039999998,93.572288
988,847,136.24515839999998,108.8366464,148.0418176,116.2221696
989,845,164.6102016,85.2410112,172.6667264,92.7598848
989,847,139.192896,105.7977216,150.2576,112.1494144
989,848,50.9583616,91.7000448,59.7749504,96.9734912
990,845,161.9563776,79.40314880000001,173.54647039999998,95.9389312
990,847,143.2192512,99.3103872,156.93921279999998,107.7352448
991,845,161.5004416,78.56927999999999,169.8633984,96.901824
991,847,143.2096512,97.5958656,159.1084288,105.9174784
991,849,8.4832128,98.0602368,29.6351872,104.7526912
992,845,173.837184,98.4368768,185.044608,106.2724992
992,847,148.4749312,101.271552,167.3102848,113.700352
992,849,7.878284800000001,103.5964416,26.3595136,114.1976064
992,850,170.67042560000002,100.2994048,184.8900224,113.9398272
993,851,52.7832832,31.0434432,65.4477568,37.7806208
994,851,52.2679168,34.6636544,65.9482752,40.8752896
994,852,39.2414976,106.6365568,61.4289664,112.7062912
994,853,40.6931712,107.528896,59.7586688,113.158976
994,854,184.581504,90.561728,193.970816,98.195776
995,851,52.5453056,37.7964032,66.6713344,44.29972479999999
995,852,32.0346368,115.2125696,46.1216512,120.6468864
995,855,23.959936,102.2249984,42.272384,108.9325056
995,856,132.6769024,100.0612736,155.6789376,112.8139904
996,852,42.4467712,119.1819392,65.5555328,124.3913088
996,855,47.2710784,91.761728,58.3350656,98.836416
997,857,174.9827584,175.9337984,181.2530176,181.8774016
998,858,37.4759168,105.5435264,44.7133952,115.8514176
999,858,39.3349376,102.2056704,55.0957824,113.1097856
999,859,158.6047104,110.7021312,170.1479296,121.3331968
